Comment,Subreddit,Date,Time
"Webster's Dictionary Defines scents as ""to perceive by the olfactory organs : smell"" - oh wait, did you mean ""sense""?",No idea,2022-02-08,15:16:20
"Webster's Dictionary Defines scent as ""effluvia from a substance that affect the sense of smell: such as"" - oh wait, did you mean ""sent""?",The kindness,2022-02-08,15:16:42
"Webster's Dictionary Defines bare as ""lacking a natural, usual, or appropriate covering"" - oh wait, did you mean ""bear""?",Last check before stepping outside,2022-02-08,15:17:03
"Webster's Dictionary Defines bare as ""lacking a natural, usual, or appropriate covering"" - oh wait, did you mean ""bear""?",Last check before stepping outside,2022-02-08,16:04:37
"Webster's Dictionary Defines roles as ""a character assigned or assumed"" - oh wait, did you mean ""rolls""?",Fun little line.,2022-02-08,16:04:59
"Webster's Dictionary Defines steel as ""commercial iron that contains carbon in any amount up to about 1.7 percent as an essential alloying constituent, is malleable when under suitable conditions, and is distinguished from cast iron by its malleability and lower carbon content"" - oh wait, did you mean ""steal""?",Charlie... What the duck are you talking about,2022-02-08,16:05:21
"Webster's Dictionary Defines beet as ""a biennial garden plant (Beta vulgaris) of the goosefoot family that includes several cultivars (such as Swiss chard and sugar beet) and that has thick edible leaves with long petioles and often swollen purplish-red roots; also : its root used especially as a vegetable, as a source of sugar, or for forage"" - oh wait, did you mean ""beat""?","but still, f(OC)k DC (yes i know, bad cropping)",2022-02-08,16:05:43
"Webster's Dictionary Defines close as ""to move so as to bar passage through something"" - oh wait, did you mean ""clothes""?",A reminder since an Illinois judge granted a restaining order against mask mandates in schools...,2022-02-08,16:06:04
"Webster's Dictionary Defines censer as ""a vessel for burning incense; especially : a covered incense burner swung on chains in a religious ritual"" - oh wait, did you mean ""censor""?",Mods removing comments detailing how China is cheating at olympics on r/mildlyinfuriating,2022-02-08,16:06:26
"Webster's Dictionary Defines mail as ""material (such as letters and packages) sent or carried in a postal system; also : similar material distributed within an organization"" - oh wait, did you mean ""male""?","you know Sky and Cloud, now get ready for Sun",2022-02-08,16:06:49
"Webster's Dictionary Defines cense as ""to perfume especially with a censer"" - oh wait, did you mean ""cents""?",Bottle filter station with filter failure at my school. For 2 years.,2022-02-08,16:07:11
"Webster's Dictionary Defines clique as ""a narrow exclusive circle or group of persons; especially : one held together by common interests, views, or purposes"" - oh wait, did you mean ""click""?",Seriously?! Racial Slurs?!,2022-02-08,16:07:32
"Webster's Dictionary Defines brake as ""a device for arresting or preventing the motion of a mechanism usually by means of friction"" - oh wait, did you mean ""break""?",Happy African American month,2022-02-08,16:07:54
"Webster's Dictionary Defines bare as ""lacking a natural, usual, or appropriate covering"" - oh wait, did you mean ""bear""?",misinterpreting the characters,2022-02-08,16:08:16
"Webster's Dictionary Defines roles as ""a character assigned or assumed"" - oh wait, did you mean ""rolls""?",The Low Cal-zone.,2022-02-08,16:08:39
"Webster's Dictionary Defines balled as ""to form or gather into a ball"" - oh wait, did you mean ""bald""?",Harry Potter and the Order of the Phoenix (deluxe shortened version),2022-02-08,16:09:00
"Webster's Dictionary Defines mat as ""a piece of coarse, woven, plaited, or felted fabric used especially as a floor covering or a support"" - oh wait, did you mean ""matt""? That's my bad, I am often mistaken.",Matt Walsh comes out (NOT CLICKBAIT),2022-02-08,17:06:47
"Webster's Dictionary Defines braking as ""to operate or manage a brake; especially : to apply the brake on a vehicle"" - oh wait, did you mean ""breaking""? That's my bad, I am often mistaken.",Bravo Billy,2022-02-08,17:07:09
"Webster's Dictionary Defines brake as ""a device for arresting or preventing the motion of a mechanism usually by means of friction"" - oh wait, did you mean ""break""? That's my bad, I am often mistaken.",Nothing like grandma’s love,2022-02-08,17:07:31
"Webster's Dictionary Defines thyme as ""any of a genus (Thymus) of Eurasian mints with small pungent aromatic leaves; especially : a Mediterranean garden herb (T. vulgaris)"" - oh wait, did you mean ""time""? That's my bad, I am often mistaken.",Our neighbour from india asked if we have a sauté pan for him to lend. We had and this is how he returned it.,2022-02-08,17:07:53
"Webster's Dictionary Defines brake as ""a device for arresting or preventing the motion of a mechanism usually by means of friction"" - oh wait, did you mean ""break""? That's my bad, I am often mistaken.",I’m in comrade! *salutes*,2022-02-08,17:08:17
"Webster's Dictionary Defines thyme as ""any of a genus (Thymus) of Eurasian mints with small pungent aromatic leaves; especially : a Mediterranean garden herb (T. vulgaris)"" - oh wait, did you mean ""time""? That's my bad, I am often mistaken.",Tazz is lowkey of one the greatest signings in AEW history,2022-02-08,17:08:39
"Webster's Dictionary Defines leased as ""to grant by lease"" - oh wait, did you mean ""least""? That's my bad, I am often mistaken.",Give that man a raise now!,2022-02-08,17:09:00
"Webster's Dictionary Defines crosse as ""a stick with a small net at one end that is used in lacrosse"" - oh wait, did you mean ""cross""? That's my bad, I am often mistaken.",A piper that is better than the storybooks,2022-02-08,17:09:22
"Webster's Dictionary Defines baste as ""to sew with long loose stitches in order to hold something in place temporarily"" - oh wait, did you mean ""based""? That's my bad, I am often mistaken.",Let's take a moment and realise how legit this advice is,2022-02-08,17:09:48
"Webster's Dictionary Defines corse as ""corpse"" - oh wait, did you mean ""course""? That's my bad, I am often mistaken.",Tier list of jokes in Deltarune ordered by how funny I thought they were,2022-02-08,17:10:10
"Webster's Dictionary Defines thyme as ""any of a genus (Thymus) of Eurasian mints with small pungent aromatic leaves; especially : a Mediterranean garden herb (T. vulgaris)"" - oh wait, did you mean ""time""? That's my bad, I am often mistaken.",King,2022-02-08,17:10:31
"Webster's Dictionary Defines corse as ""corpse"" - oh wait, did you mean ""course""? That's my bad, I am often mistaken.",Not the most pleasant way to go.,2022-02-08,17:10:55
"Webster's Dictionary Defines buoy as ""float; especially, nautical : a floating object moored to the bottom to mark a channel or something (such as a shoal) lying under the water"" - oh wait, did you mean ""boy""? That's my bad, I am often mistaken.",This little guy just turned 9. Decided to break the camera out for a portrait.,2022-02-08,17:11:17
"Webster's Dictionary Defines clothes as ""clothing"" - oh wait, did you mean ""close""? That's my bad, I am often mistaken.",LET'S FUCKING GO!!!,2022-02-08,17:11:41
"Webster's Dictionary Defines thyme as ""any of a genus (Thymus) of Eurasian mints with small pungent aromatic leaves; especially : a Mediterranean garden herb (T. vulgaris)"" - oh wait, did you mean ""time""? That's my bad, I am often mistaken.","Got my first tattoo a few days ago, now that the permanence has settled in I'm freaking out a bit, thoughts? Is it well done?",2022-02-08,17:12:07
"Webster's Dictionary Defines brake as ""a device for arresting or preventing the motion of a mechanism usually by means of friction"" - oh wait, did you mean ""break""? That's my bad, I am often mistaken.",The filters on Darcy and Stacy’s pictures are out of control.,2022-02-08,17:12:29
"Webster's Dictionary Defines caws as ""to utter the harsh raucous natural call of the crow or a similar cry"" - oh wait, did you mean ""cause""? That's my bad, I am often mistaken.",Witness the Final Calamity,2022-02-08,17:12:51
"Webster's Dictionary Defines bass as ""any of numerous edible marine or freshwater bony fishes (especially families Centrarchidae, Serranidae, and Percichthyidae of the order Perciformes)"" - oh wait, did you mean ""base""? That's my bad, I am often mistaken.",Some fiery red for Valentine’s Day!,2022-02-08,17:13:13
"Webster's Dictionary Defines mettle as ""vigor and strength of spirit or temperament"" - oh wait, did you mean ""metal""? That's my bad, I am often mistaken.","Im playing botw for the 5th time, now on cemu and this happend",2022-02-08,17:13:35
"Webster's Dictionary Defines passed as ""move, proceed, go"" - oh wait, did you mean ""past""? That's my bad, I am often mistaken.",Which should be banned and burned due to content again?,2022-02-08,17:13:57
"Webster's Dictionary Defines scull as ""an oar used at the stern of a boat to propel it forward with a thwartwise motion"" - oh wait, did you mean ""skull""? That's my bad, I am often mistaken.","Harm set, harm get",2022-02-08,17:14:18
"Webster's Dictionary Defines thyme as ""any of a genus (Thymus) of Eurasian mints with small pungent aromatic leaves; especially : a Mediterranean garden herb (T. vulgaris)"" - oh wait, did you mean ""time""? That's my bad, I am often mistaken.",Denis O’hare deserves so many awards for his performance as Liz,2022-02-08,17:14:41
"Webster's Dictionary Defines flour as ""a product consisting of finely milled wheat; also : a similar product made from another grain or food product (such as dried potatoes or fish)"" - oh wait, did you mean ""flower""? That's my bad, I am often mistaken.",Flower piece in the front or back? Should I add a necklace?,2022-02-08,17:15:03
"Webster's Dictionary Defines thyme as ""any of a genus (Thymus) of Eurasian mints with small pungent aromatic leaves; especially : a Mediterranean garden herb (T. vulgaris)"" - oh wait, did you mean ""time""? That's my bad, I am often mistaken.",Nice try you sneaky son of a…,2022-02-08,17:15:24
"Webster's Dictionary Defines brake as ""a device for arresting or preventing the motion of a mechanism usually by means of friction"" - oh wait, did you mean ""break""? That's my bad, I am often mistaken.",i am not good with titles sorry,2022-02-08,17:15:46
"Webster's Dictionary Defines passed as ""move, proceed, go"" - oh wait, did you mean ""past""? That's my bad, I am often mistaken.",these redditors are delusional,2022-02-08,17:16:15
"Webster's Dictionary Defines queue as ""a braid of hair usually worn hanging at the back of the head"" - oh wait, did you mean ""cue""? That's my bad, I am often mistaken.","Vietnam War helmet graffiti, 1967- “War is Good Business- Invest Your Son” [640x790]",2022-02-08,17:16:37
"Webster's Dictionary Defines brake as ""a device for arresting or preventing the motion of a mechanism usually by means of friction"" - oh wait, did you mean ""break""? That's my bad, I am often mistaken.",me_irlgbt,2022-02-08,17:16:59
"Webster's Dictionary Defines tide as ""the alternate rising and falling of the surface of the ocean and of water bodies (such as gulfs and bays) connected with the ocean that occurs usually twice a day and is the result of differing gravitational forces exerted at different parts of the earth by another body (such as the moon or sun)"" - oh wait, did you mean ""tied""? That's my bad, I am often mistaken.",Lever Endeavors #2,2022-02-08,17:17:21
"Webster's Dictionary Defines aloud as ""with the speaking voice in a way that can be clearly heard"" - oh wait, did you mean ""allowed""? That's my bad, I am often mistaken.",Maybe we should focus on the more serious censorship?,2022-02-08,17:17:44
"Webster's Dictionary Defines copse as ""a thicket, grove, or growth of small trees —called also coppice"" - oh wait, did you mean ""cops""? That's my bad, I am often mistaken.",Me_irl,2022-02-08,17:18:06
"Webster's Dictionary Defines knight as ""a mounted man-at-arms serving a feudal superior; especially : a man ceremonially inducted into special military rank usually after completing service as page and squire"" - oh wait, did you mean ""night""? That's my bad, I am often mistaken.",Grating some cheese,2022-02-08,17:18:28
"Webster's Dictionary Defines buoy as ""float; especially, nautical : a floating object moored to the bottom to mark a channel or something (such as a shoal) lying under the water"" - oh wait, did you mean ""boy""? That's my bad, I am often mistaken.","Portrait of my old boy by Zeke Yip at Chronic Ink in Markham, Canada",2022-02-08,17:18:49
"Webster's Dictionary Defines caws as ""to utter the harsh raucous natural call of the crow or a similar cry"" - oh wait, did you mean ""cause""? That's my bad, I am often mistaken.",see know one cares,2022-02-08,17:19:11
"Webster's Dictionary Defines billed as ""having a bill especially of a specified kind —usually used in combination"" - oh wait, did you mean ""build""? That's my bad, I am often mistaken.",Almost done with my Gucci Glock. Just finished plating the magazine base plate. I am looking for some night sights if anyone has any recommendations.,2022-02-08,17:19:33
"Webster's Dictionary Defines berth as ""sufficient distance for maneuvering a ship"" - oh wait, did you mean ""birth""? That's my bad, I am often mistaken.",Simon's officially a dad!,2022-02-08,17:19:55
"Webster's Dictionary Defines feat as ""a deed notable especially for courage"" - oh wait, did you mean ""feet""? That's my bad, I am often mistaken.","Got a new romper in the mail, couldn't wait to wear it at my workplace!",2022-02-08,17:20:17
"Webster's Dictionary Defines equivalence as ""the state or property of being equivalent"" - oh wait, did you mean ""equivalents""? That's my bad, I am often mistaken.","I'm not sure what else I'm supposed to use outposts for, really.",2022-02-08,17:20:39
"Webster's Dictionary Defines burred as ""a rough or prickly envelope of a fruit"" - oh wait, did you mean ""bird""? That's my bad, I am often mistaken.","In Encanto (2021), Antonio was named after St Anthony, the patron saint of animals.",2022-02-08,17:21:01
"Webster's Dictionary Defines cymbal as ""a concave metal plate (as of brass or bronze) that produces a brilliant clashing tone and that is struck with a drumstick or is used in pairs struck glancingly together"" - oh wait, did you mean ""symbol""? That's my bad, I am often mistaken.",And there's proof of this.,2022-02-08,17:21:25
"Webster's Dictionary Defines dear as ""highly valued : precious —often used in a salutation"" - oh wait, did you mean ""deer""? That's my bad, I am often mistaken.","This man found a wounded roe. Then he took it him home. Before handed over to the authorities, fed and dressed it. This is just amazing job.",2022-02-08,17:21:47
"Webster's Dictionary Defines scents as ""to perceive by the olfactory organs : smell"" - oh wait, did you mean ""sense""? That's my bad, I am often mistaken.",Oh crap....,2022-02-08,18:50:11
"Webster's Dictionary Defines thyme as ""any of a genus (Thymus) of Eurasian mints with small pungent aromatic leaves; especially : a Mediterranean garden herb (T. vulgaris)"" - oh wait, did you mean ""time""? That's my bad, I am often mistaken.",roomie problems :p,2022-02-08,18:50:33
"Webster's Dictionary Defines routing as ""to defeat decisively or disastrously"" - oh wait, did you mean ""rooting""? That's my bad, I am often mistaken.",Posting memes until I get my master's degree day 442 meme 722,2022-02-08,18:50:55
"Webster's Dictionary Defines board as ""a piece of sawed lumber of little thickness and a length greatly exceeding its width"" - oh wait, did you mean ""bored""? That's my bad, I am often mistaken.",I knoooow riiight?,2022-02-08,18:51:19
"Webster's Dictionary Defines bear as ""any of a family (Ursidae of the order Carnivora) of large heavy mammals of America and Eurasia that have long shaggy hair, rudimentary tails, and plantigrade feet and feed largely on fruit, plant matter, and insects as well as on flesh"" - oh wait, did you mean ""bare""? That's my bad, I am often mistaken.",Please don't be a Karen,2022-02-08,18:51:42
"Webster's Dictionary Defines forth as ""onward in time, place, or order : forward"" - oh wait, did you mean ""fourth""? That's my bad, I am often mistaken.","Get it right, original OP",2022-02-08,18:52:04
"Webster's Dictionary Defines leased as ""to grant by lease"" - oh wait, did you mean ""least""? That's my bad, I am often mistaken.",Why does no one care about him ? :(,2022-02-08,18:52:27
"Webster's Dictionary Defines chants as ""to make melodic sounds with the voice; especially : to sing a chant"" - oh wait, did you mean ""chance""? That's my bad, I am often mistaken.",Nintendo Fans are always dependable,2022-02-08,18:52:54
"Webster's Dictionary Defines burred as ""a rough or prickly envelope of a fruit"" - oh wait, did you mean ""bird""? That's my bad, I am often mistaken.",Just made some Oatmeal,2022-02-08,18:53:19
"Webster's Dictionary Defines thyme as ""any of a genus (Thymus) of Eurasian mints with small pungent aromatic leaves; especially : a Mediterranean garden herb (T. vulgaris)"" - oh wait, did you mean ""time""? That's my bad, I am often mistaken.",Your mom at show and tell,2022-02-08,20:05:46
"Webster's Dictionary Defines baste as ""to sew with long loose stitches in order to hold something in place temporarily"" - oh wait, did you mean ""based""? That's my bad, I am often mistaken.",It's the powerhouse of the cell,2022-02-08,20:06:48
"Webster's Dictionary Defines leased as ""to grant by lease"" - oh wait, did you mean ""least""? That's my bad, I am often mistaken.",Stop talking about Bruno,2022-02-08,20:07:50
"Webster's Dictionary Defines leased as ""to grant by lease"" - oh wait, did you mean ""least""? That's my bad, I am often mistaken.",You fell victim to one of the classic blunders!,2022-02-08,20:08:52
"Webster's Dictionary Defines steel as ""commercial iron that contains carbon in any amount up to about 1.7 percent as an essential alloying constituent, is malleable when under suitable conditions, and is distinguished from cast iron by its malleability and lower carbon content"" - oh wait, did you mean ""steal""? That's my bad, I am often mistaken.",Which describes your cat?,2022-02-08,20:09:54
"Webster's Dictionary Defines beet as ""a biennial garden plant (Beta vulgaris) of the goosefoot family that includes several cultivars (such as Swiss chard and sugar beet) and that has thick edible leaves with long petioles and often swollen purplish-red roots; also : its root used especially as a vegetable, as a source of sugar, or for forage"" - oh wait, did you mean ""beat""? That's my bad, I am often mistaken.",*eats sandwiches slowly*,2022-02-08,20:10:56
"Webster's Dictionary Defines brake as ""a device for arresting or preventing the motion of a mechanism usually by means of friction"" - oh wait, did you mean ""break""? That's my bad, I am often mistaken.",*Happy BMW Noises*,2022-02-08,20:11:57
"Webster's Dictionary Defines clothes as ""clothing"" - oh wait, did you mean ""close""? That's my bad, I am often mistaken.",I paused the “No This Is Patrick” meme on this frame,2022-02-08,20:13:00
"Webster's Dictionary Defines daze as ""to stupefy especially by a blow : stun"" - oh wait, did you mean ""days""? That's my bad, I am often mistaken.",This is a premium meme,2022-02-08,20:14:02
"Webster's Dictionary Defines buoy as ""float; especially, nautical : a floating object moored to the bottom to mark a channel or something (such as a shoal) lying under the water"" - oh wait, did you mean ""boy""? That's my bad, I am often mistaken.",When only 100% counts.,2022-02-08,20:15:05
"Webster's Dictionary Defines mowed as ""to cut down with a scythe or sickle or machine"" - oh wait, did you mean ""mode""? That's my bad, I am often mistaken.",SPREAD THE WORD,2022-02-08,20:16:07
"Webster's Dictionary Defines thyme as ""any of a genus (Thymus) of Eurasian mints with small pungent aromatic leaves; especially : a Mediterranean garden herb (T. vulgaris)"" - oh wait, did you mean ""time""? That's my bad, I am often mistaken.",Based on true story from the 80's,2022-02-08,20:17:09
"Webster's Dictionary Defines wine as ""the alcoholic fermented juice of fresh grapes used as a beverage"" - oh wait, did you mean ""whine""? That's my bad, I am often mistaken.",at least he knows who his core demographic is,2022-02-08,20:18:11
"Webster's Dictionary Defines leased as ""to grant by lease"" - oh wait, did you mean ""least""? That's my bad, I am often mistaken.",Literally 1984,2022-02-08,20:19:16
"Webster's Dictionary Defines mist as ""water in the form of particles floating or falling in the atmosphere at or near the surface of the earth and approaching the form of rain"" - oh wait, did you mean ""missed""? That's my bad, I am often mistaken.",Futurama is coming back!,2022-02-09,17:04:28
"Webster's Dictionary Defines caws as ""to utter the harsh raucous natural call of the crow or a similar cry"" - oh wait, did you mean ""cause""? That's my bad, I am often mistaken.",let’s do a science and find out,2022-02-09,17:05:30
"Webster's Dictionary Defines deer as ""any of various slender-legged, even-toed, ruminant mammals (family Cervidae, the deer family) having usually brownish fur and deciduous antlers borne by the males of nearly all and by the females only of the caribou : cervid"" - oh wait, did you mean ""dear""? That's my bad, I am often mistaken.",Thank God,2022-02-09,17:06:32
"Webster's Dictionary Defines meet as ""to come into the presence of for the first time : to be introduced to or become acquainted with"" - oh wait, did you mean ""meat""? That's my bad, I am often mistaken.",Nurture!!!,2022-02-09,17:07:34
"Webster's Dictionary Defines dyeing as ""to impart a new and often permanent color to especially by impregnating with a dye"" - oh wait, did you mean ""dying""? That's my bad, I am often mistaken.",That’s so sad …,2022-02-09,17:08:36
"Webster's Dictionary Defines suite as ""retinue; especially : the personal staff accompanying a ruler, diplomat, or dignitary on official business"" - oh wait, did you mean ""sweet""? That's my bad, I am often mistaken.",You could say they use microchips (from smartphones) to track you,2022-02-09,17:09:37
"Webster's Dictionary Defines male as ""of, relating to, or being the sex that typically has the capacity to produce relatively small, usually motile gametes which fertilize the eggs of a female"" - oh wait, did you mean ""mail""? That's my bad, I am often mistaken.",I guess it’s worth a try,2022-02-09,17:10:42
"Webster's Dictionary Defines baste as ""to sew with long loose stitches in order to hold something in place temporarily"" - oh wait, did you mean ""based""? That's my bad, I am often mistaken.",This image is not to scale,2022-02-09,17:11:48
"Webster's Dictionary Defines Maine as ""Sir Henry James Sumner 1822—1888 English jurist"" - oh wait, did you mean ""main""? That's my bad, I am often mistaken.",At least you have frames,2022-02-09,17:12:51
"Webster's Dictionary Defines soared as ""to fly aloft or about"" - oh wait, did you mean ""sword""? That's my bad, I am often mistaken.",FUUUUUUUUUUUUUUUUUUUUUUUUUCK,2022-02-09,17:13:54
"Webster's Dictionary Defines thrown as ""to propel through the air by a forward motion of the hand and arm"" - oh wait, did you mean ""throne""? That's my bad, I am often mistaken.","I just found this ai meme generator and, honestly, don't know what to think",2022-02-09,17:14:56
"Webster's Dictionary Defines chews as ""to crush, grind, or gnaw (something, such as food) with or as if with the teeth : masticate"" - oh wait, did you mean ""choose""? That's my bad, I am often mistaken.",American politics be like:,2022-02-09,17:15:57
"Webster's Dictionary Defines lessen as ""to shrink in size, number, or degree : decrease"" - oh wait, did you mean ""lesson""? That's my bad, I am often mistaken.",Seriously don't do it,2022-02-09,17:17:01
"Webster's Dictionary Defines board as ""a piece of sawed lumber of little thickness and a length greatly exceeding its width"" - oh wait, did you mean ""bored""? That's my bad, I am often mistaken.",Pewds no,2022-02-09,17:18:04
"Webster's Dictionary Defines burred as ""a rough or prickly envelope of a fruit"" - oh wait, did you mean ""bird""? That's my bad, I am often mistaken.",Good morning becomes good afternoon,2022-02-09,19:07:20
"Webster's Dictionary Defines caws as ""to utter the harsh raucous natural call of the crow or a similar cry"" - oh wait, did you mean ""cause""? That's my bad, I am often mistaken.",More time wasted arguing,2022-02-09,19:07:43
"Webster's Dictionary Defines burred as ""a rough or prickly envelope of a fruit"" - oh wait, did you mean ""bird""? That's my bad, I am often mistaken.",Good morning becomes good afternoon,2022-02-09,20:17:29
"Webster's Dictionary Defines lute as ""a stringed instrument having a large pear-shaped body, a vaulted back, a fretted fingerboard, and a head with tuning pegs which is often angled backward from the neck"" - oh wait, did you mean ""loot""? That's my bad, I am often mistaken.",Why air freshener,2022-02-09,20:17:51
"Webster's Dictionary Defines scents as ""to perceive by the olfactory organs : smell"" - oh wait, did you mean ""sense""? That's my bad, I am often mistaken.",it's true you know...,2022-02-09,20:18:12
"Webster's Dictionary Defines bussed as ""to travel by a large motor vehicle designed to carry passengers usually along a fixed route according to a schedule : to travel by bus"" - oh wait, did you mean ""bust""? That's my bad, I am often mistaken.",Jeffrey knows best.,2022-02-09,20:18:34
"Webster's Dictionary Defines braking as ""to operate or manage a brake; especially : to apply the brake on a vehicle"" - oh wait, did you mean ""breaking""? That's my bad, I am often mistaken.",I like frozen pizza from time to time,2022-02-09,20:18:56
"Webster's Dictionary Defines caws as ""to utter the harsh raucous natural call of the crow or a similar cry"" - oh wait, did you mean ""cause""? That's my bad, I am often mistaken.",More time wasted arguing,2022-02-09,20:19:18
"Webster's Dictionary Defines close as ""to move so as to bar passage through something"" - oh wait, did you mean ""clothes""? That's my bad, I am often mistaken.",The difference,2022-02-09,20:19:40
"Webster's Dictionary Defines mist as ""water in the form of particles floating or falling in the atmosphere at or near the surface of the earth and approaching the form of rain"" - oh wait, did you mean ""missed""? That's my bad, I am often mistaken.",Good news everyone!,2022-02-09,20:20:03
"Webster's Dictionary Defines mist as ""water in the form of particles floating or falling in the atmosphere at or near the surface of the earth and approaching the form of rain"" - oh wait, did you mean ""missed""? That's my bad, I am often mistaken.",yeah...about that,2022-02-09,20:20:25
"Webster's Dictionary Defines batt as ""batting; also : an often square piece of batting"" - oh wait, did you mean ""bat""? That's my bad, I am often mistaken.",Target Eliminated.,2022-02-09,20:20:47
"Webster's Dictionary Defines steppe as ""one of the vast usually level and treeless tracts in southeastern Europe or Asia"" - oh wait, did you mean ""step""? That's my bad, I am often mistaken.","Bloody hell, stop saying soccer!",2022-02-09,20:21:09
"Webster's Dictionary Defines cites as ""to call upon officially or authoritatively to appear (as before a court)"" - oh wait, did you mean ""sights""? That's my bad, I am often mistaken.",I just wanna have fun,2022-02-09,20:21:30
"Webster's Dictionary Defines batt as ""batting; also : an often square piece of batting"" - oh wait, did you mean ""bat""? That's my bad, I am often mistaken.",Everything goes to China’s wet market,2022-02-09,20:21:52
"Webster's Dictionary Defines lac as ""a resinous substance secreted by a scale insect (Laccifer lacca) and used chiefly in the form of shellac"" - oh wait, did you mean ""lack""? That's my bad, I am often mistaken.",I just watched fucking Fox news supporting the truckers in YT. I think my popcorn is soon ready.,2022-02-09,20:22:27
"Webster's Dictionary Defines brake as ""a device for arresting or preventing the motion of a mechanism usually by means of friction"" - oh wait, did you mean ""break""? That's my bad, I am often mistaken.",I hate These guys,2022-02-09,20:56:38
"Webster's Dictionary Defines bussed as ""to travel by a large motor vehicle designed to carry passengers usually along a fixed route according to a schedule : to travel by bus"" - oh wait, did you mean ""bust""? That's my bad, I am often mistaken.",Jeffrey knows best.,2022-02-09,20:56:59
"Webster's Dictionary Defines clothes as ""clothing"" - oh wait, did you mean ""close""? That's my bad, I am often mistaken.",Why God? Why!!!,2022-02-09,20:57:23
"Webster's Dictionary Defines cites as ""to call upon officially or authoritatively to appear (as before a court)"" - oh wait, did you mean ""sights""? That's my bad, I am often mistaken.",I just wanna have fun,2022-02-09,20:57:46
"Webster's Dictionary Defines mist as ""water in the form of particles floating or falling in the atmosphere at or near the surface of the earth and approaching the form of rain"" - oh wait, did you mean ""missed""? That's my bad, I am often mistaken.",yeah...about that,2022-02-09,20:58:07
"Webster's Dictionary Defines bowled as ""a concave usually nearly hemispherical vessel : a rounded container that is usually larger than a cup; specifically : a drinking vessel (as for wine)"" - oh wait, did you mean ""bold""? That's my bad, I am often mistaken.",This is a beautiful image,2022-02-09,20:58:29
"Webster's Dictionary Defines currant as ""a small seedless raisin originally grown chiefly in the eastern Mediterranean"" - oh wait, did you mean ""current""? That's my bad, I am often mistaken.",We also want equality,2022-02-09,23:44:55
"Webster's Dictionary Defines knight as ""a mounted man-at-arms serving a feudal superior; especially : a man ceremonially inducted into special military rank usually after completing service as page and squire"" - oh wait, did you mean ""night""? That's my bad, I am often mistaken.",Tell me more,2022-02-09,23:45:17
"Webster's Dictionary Defines caws as ""to utter the harsh raucous natural call of the crow or a similar cry"" - oh wait, did you mean ""cause""? That's my bad, I am often mistaken.",They called me a mad man,2022-02-09,23:45:39
"Webster's Dictionary Defines role as ""a character assigned or assumed"" - oh wait, did you mean ""roll""? That's my bad, I am often mistaken.",inspiring words,2022-02-09,23:46:01
"Webster's Dictionary Defines caws as ""to utter the harsh raucous natural call of the crow or a similar cry"" - oh wait, did you mean ""cause""? That's my bad, I am often mistaken.",Please....we got the news,2022-02-09,23:46:23
"Webster's Dictionary Defines dear as ""highly valued : precious —often used in a salutation"" - oh wait, did you mean ""deer""? That's my bad, I am often mistaken.",It's a way of life,2022-02-09,23:46:45
"Webster's Dictionary Defines caws as ""to utter the harsh raucous natural call of the crow or a similar cry"" - oh wait, did you mean ""cause""? That's my bad, I am often mistaken.",meme #1,2022-02-09,23:47:06
"Webster's Dictionary Defines hare as ""any of various swift, gnawing, herbivorous, usually shy lagomorph mammals (family Leporidae and especially genus Lepus) that have long ears, short tails, and powerful long hind legs, are usually solitary or sometimes live in pairs, have the young open-eyed and furred at birth, and live in aboveground nests"" - oh wait, did you mean ""hair""? That's my bad, I am often mistaken.",Life is a pain,2022-02-09,23:47:29
"Webster's Dictionary Defines mat as ""a piece of coarse, woven, plaited, or felted fabric used especially as a floor covering or a support"" - oh wait, did you mean ""matt""? That's my bad, I am often mistaken.",Rejoice manufacturer’s!,2022-02-09,23:47:51
"Webster's Dictionary Defines corse as ""corpse"" - oh wait, did you mean ""course""? That's my bad, I am often mistaken.",Just why?,2022-02-09,23:48:13
"Webster's Dictionary Defines passed as ""move, proceed, go"" - oh wait, did you mean ""past""? That's my bad, I am often mistaken.",What a roller coaster,2022-02-09,23:48:39
"Webster's Dictionary Defines cache as ""a hiding place especially for concealing and preserving provisions or implements"" - oh wait, did you mean ""cash""? That's my bad, I am often mistaken.",Weed simulator bottom text,2022-02-09,23:49:02
"Webster's Dictionary Defines bowled as ""a concave usually nearly hemispherical vessel : a rounded container that is usually larger than a cup; specifically : a drinking vessel (as for wine)"" - oh wait, did you mean ""bold""? That's my bad, I am often mistaken.","Before you say transgenders, think about the following question: is atheism a religion?",2022-02-10,00:49:09
"Webster's Dictionary Defines caws as ""to utter the harsh raucous natural call of the crow or a similar cry"" - oh wait, did you mean ""cause""? That's my bad, I am often mistaken.",a summary of the past two weeks for me,2022-02-10,00:49:31
"Webster's Dictionary Defines knight as ""a mounted man-at-arms serving a feudal superior; especially : a man ceremonially inducted into special military rank usually after completing service as page and squire"" - oh wait, did you mean ""night""? That's my bad, I am often mistaken.",I'm sick of people being called a simp for being a nice person,2022-02-10,00:49:52
"Webster's Dictionary Defines close as ""to move so as to bar passage through something"" - oh wait, did you mean ""clothes""? That's my bad, I am often mistaken.",Where have you been? Traitor!,2022-02-10,00:50:15
"Webster's Dictionary Defines caws as ""to utter the harsh raucous natural call of the crow or a similar cry"" - oh wait, did you mean ""cause""? That's my bad, I am often mistaken.",They called me a mad man,2022-02-10,00:50:38
"Webster's Dictionary Defines toed as ""having a toe or toes especially of a specified kind or number —usually used in combination"" - oh wait, did you mean ""toad""? That's my bad, I am often mistaken.",I can’t even recall the day of the week sometime even now,2022-02-10,00:51:00
"Webster's Dictionary Defines corse as ""corpse"" - oh wait, did you mean ""course""? That's my bad, I am often mistaken.",I found this on the app store,2022-02-10,00:51:22
"Webster's Dictionary Defines caws as ""to utter the harsh raucous natural call of the crow or a similar cry"" - oh wait, did you mean ""cause""? That's my bad, I am often mistaken.",Please....we got the news,2022-02-10,00:51:45
"Webster's Dictionary Defines feint as ""something feigned; specifically : a mock blow or attack on or toward one part in order to distract attention from the point one really intends to attack"" - oh wait, did you mean ""faint""? That's my bad, I am often mistaken.",Hey guys! Did you know that in terms of...,2022-02-10,00:52:07
"Webster's Dictionary Defines scents as ""to perceive by the olfactory organs : smell"" - oh wait, did you mean ""sense""? That's my bad, I am often mistaken.",Just don’t do it,2022-02-10,00:52:29
"Webster's Dictionary Defines mat as ""a piece of coarse, woven, plaited, or felted fabric used especially as a floor covering or a support"" - oh wait, did you mean ""matt""? That's my bad, I am often mistaken.",Rejoice manufacturer’s!,2022-02-10,00:52:51
"Webster's Dictionary Defines dyeing as ""to impart a new and often permanent color to especially by impregnating with a dye"" - oh wait, did you mean ""dying""? That's my bad, I am often mistaken.",God I love the internet sometimes,2022-02-10,00:53:14
"Webster's dictionary defines ""steeling"" as ""to overlay, point, or edge with steel"" - oh wait, did you mean ""stealing""? That's my bad, I am often mistaken.",Even more toxic than randoms in voice chats,2022-02-11,18:01:46
"Beep Boop. ""buoy"" is defined as ""float; especially, nautical : a floating object moored to the bottom to mark a channel or something (such as a shoal) lying under the water"", in case anyone was wondering. No need to thank me, just doing my j- wait, did you mean ""boy""? I wish I wasn't mistaken so often.",There’s always one,2022-02-11,18:02:21
"Fun fact: ""bawl"" is defined as ""to cry out loudly and unrestrainedly""... and I am now realizing that you said ""ball"", that's my bad.",Factually,2022-02-11,18:02:55
"At first I was confused and thought you meant ""chants"", which of course is defined as ""to make melodic sounds with the voice; especially : to sing a chant"". Took me a minute to realize that you really meant ""chance"" though.",That's literally me,2022-02-11,18:03:32
"Beep Boop. ""stair"" is defined as ""a series of steps or flights of steps for passing from one level to another —often used in plural but singular or plural in construction"", in case anyone was wondering. No need to thank me, just doing my j- wait, did you mean ""stare""? I wish I wasn't mistaken so often.",Like a glove!,2022-02-11,18:04:04
"Beep Boop. ""lye"" is defined as ""a strong alkaline liquor rich in potassium carbonate leached from wood ashes and used especially in making soap and for washing; broadly : a strong alkaline solution (as of sodium hydroxide or potassium hydroxide)"", in case anyone was wondering. No need to thank me, just doing my j- wait, did you mean ""lie""? I wish I wasn't mistaken so often.",America’s leash kid,2022-02-11,18:04:37
"Beep Boop. ""quire"" is defined as ""a collection of 24 or sometimes 25 sheets of paper of the same size and quality : one twentieth of a ream"", in case anyone was wondering. No need to thank me, just doing my j- wait, did you mean ""choir""? I wish I wasn't mistaken so often.","Hmm, I think Sharon would die first",2022-02-11,18:05:09
"At first I was confused and thought you meant ""billed"", which of course is defined as ""having a bill especially of a specified kind —usually used in combination"". Took me a minute to realize that you really meant ""build"" though.",Family fun time,2022-02-11,18:05:40
"At first I was confused and thought you meant ""clothes"", which of course is defined as ""clothing"". Took me a minute to realize that you really meant ""close"" though.",I guess he’s dead now…,2022-02-11,18:06:17
"Beep Boop. ""plane"" is defined as ""airplane"", in case anyone was wondering. No need to thank me, just doing my j- wait, did you mean ""plain""? I wish I wasn't mistaken so often.",Logic America,2022-02-11,18:06:53
"Beep Boop. ""meat"" is defined as ""food; especially : solid food as distinguished from drink"", in case anyone was wondering. No need to thank me, just doing my j- wait, did you mean ""meet""? I wish I wasn't mistaken so often.",Thoughts and prayers worked!,2022-02-11,18:07:26
"At first I was confused and thought you meant ""knight"", which of course is defined as ""a mounted man-at-arms serving a feudal superior; especially : a man ceremonially inducted into special military rank usually after completing service as page and squire"". Took me a minute to realize that you really meant ""night"" though.",(confused unga bunga),2022-02-11,18:07:59
"Webster's dictionary defines ""brake"" as ""a device for arresting or preventing the motion of a mechanism usually by means of friction"" - oh wait, did you mean ""break""? That's my bad, I am often mistaken.",Are Italian condoms allowed here?,2022-02-11,18:08:31
"Fun fact: ""groan"" is defined as ""to utter a deep moan indicative of pain, grief, or annoyance""... and I am now realizing that you said ""grown"", that's my bad.","Am I alone, anyone?",2022-02-11,18:09:04
"Webster's dictionary defines ""mat"" as ""a piece of coarse, woven, plaited, or felted fabric used especially as a floor covering or a support"" - oh wait, did you mean ""matt""? That's my bad, I am often mistaken.",He will rise again,2022-02-11,18:09:35
"Beep Boop. ""meat"" is defined as ""food; especially : solid food as distinguished from drink"", in case anyone was wondering. No need to thank me, just doing my j- wait, did you mean ""meet""? I wish I wasn't mistaken so often.",I mean I could just be a woman with low self-esteem,2022-02-11,18:10:08
"Webster's dictionary defines ""mist"" as ""water in the form of particles floating or falling in the atmosphere at or near the surface of the earth and approaching the form of rain"" - oh wait, did you mean ""missed""? That's my bad, I am often mistaken.",Some of you out here crying over girls who make this for a fancy meal and it shows.,2022-02-11,18:10:41
"At first I was confused and thought you meant ""forth"", which of course is defined as ""onward in time, place, or order : forward"". Took me a minute to realize that you really meant ""fourth"" though.",She is no match for the Great Bombards,2022-02-11,18:11:12
"Webster's dictionary defines ""routes"" as ""a traveled way : highway"" - oh wait, did you mean ""roots""? That's my bad, I am often mistaken.",T go brrrrrr,2022-02-11,18:11:49
"Fun fact: ""chews"" is defined as ""to crush, grind, or gnaw (something, such as food) with or as if with the teeth : masticate""... and I am now realizing that you said ""choose"", that's my bad.",What path did you choose?,2022-02-11,18:12:25
"At first I was confused and thought you meant ""meet"", which of course is defined as ""to come into the presence of for the first time : to be introduced to or become acquainted with"". Took me a minute to realize that you really meant ""meat"" though.",They’re getting all the fun.,2022-02-11,18:12:57
"Fun fact: ""knight"" is defined as ""a mounted man-at-arms serving a feudal superior; especially : a man ceremonially inducted into special military rank usually after completing service as page and squire""... and I am now realizing that you said ""night"", that's my bad.",They have been like this recently,2022-02-11,18:13:30
"Fun fact: ""clothes"" is defined as ""clothing""... and I am now realizing that you said ""close"", that's my bad.",Tony Hawks would be proud,2022-02-11,18:14:02
"Fun fact: ""weak"" is defined as ""lacking strength: such as""... and I am now realizing that you said ""week"", that's my bad.",10/10 would watch again,2022-02-11,18:14:34
"At first I was confused and thought you meant ""Maine"", which of course is defined as ""Sir Henry James Sumner 1822—1888 English jurist"". Took me a minute to realize that you really meant ""main"" though.",too emotional for me…,2022-02-11,18:15:06
"At first I was confused and thought you meant ""lieu"", which of course is defined as ""place, stead"". Took me a minute to realize that you really meant ""loo"" though.",Fake it till ya make it,2022-02-11,18:15:38
"Beep Boop. ""steeling"" is defined as ""to overlay, point, or edge with steel"", in case anyone was wondering. No need to thank me, just doing my j- wait, did you mean ""stealing""? I wish I wasn't mistaken so often.",Whoat aa you talking abowt?,2022-02-11,18:16:09
"At first I was confused and thought you meant ""brake"", which of course is defined as ""a device for arresting or preventing the motion of a mechanism usually by means of friction"". Took me a minute to realize that you really meant ""break"" though.",My dog eats trash,2022-02-11,18:16:42
"Beep Boop. ""break"" is defined as ""to separate into parts with suddenness or violence"", in case anyone was wondering. No need to thank me, just doing my j- wait, did you mean ""brake""? I wish I wasn't mistaken so often.",He is right,2022-02-11,18:17:15
"Fun fact: ""route"" is defined as ""a traveled way : highway""... and I am now realizing that you said ""root"", that's my bad.",What's the use of this shit,2022-02-11,18:17:48
"Beep Boop. ""brake"" is defined as ""a device for arresting or preventing the motion of a mechanism usually by means of friction"", in case anyone was wondering. No need to thank me, just doing my j- wait, did you mean ""break""? I wish I wasn't mistaken so often.",elon musks secret messages???,2022-02-11,18:18:20
"At first I was confused and thought you meant ""sight"", which of course is defined as ""something that is seen : spectacle"". Took me a minute to realize that you really meant ""site"" though.","Well, just got wise",2022-02-11,18:18:52
"Fun fact: ""chews"" is defined as ""to crush, grind, or gnaw (something, such as food) with or as if with the teeth : masticate""... and I am now realizing that you said ""choose"", that's my bad.",Not complaining tho,2022-02-11,18:19:24
"Fun fact: ""currant"" is defined as ""a small seedless raisin originally grown chiefly in the eastern Mediterranean""... and I am now realizing that you said ""current"", that's my bad.",Hopefully this Fallout sequel is good.,2022-02-11,18:20:00
"Fun fact: ""bale"" is defined as ""great evil""... and I am now realizing that you said ""bail"", that's my bad.",its only some burgers,2022-02-11,18:20:32
"Fun fact: ""passed"" is defined as ""move, proceed, go""... and I am now realizing that you said ""past"", that's my bad.",Ik which side I'm on.,2022-02-11,18:21:04
"Fun fact: ""bury"" is defined as ""to dispose of by depositing in or as if in the earth; especially : to inter with funeral ceremonies""... and I am now realizing that you said ""berry"", that's my bad.",Hello there…,2022-02-11,18:21:38
"At first I was confused and thought you meant ""caws"", which of course is defined as ""to utter the harsh raucous natural call of the crow or a similar cry"". Took me a minute to realize that you really meant ""cause"" though.",imagine being that soldier,2022-02-11,18:22:10
"Beep Boop. ""billed"" is defined as ""having a bill especially of a specified kind —usually used in combination"", in case anyone was wondering. No need to thank me, just doing my j- wait, did you mean ""build""? I wish I wasn't mistaken so often.",Ice cream jingle intensifies,2022-02-11,18:22:42
"Fun fact: ""crews"" is defined as ""to act as a member of a crew""... and I am now realizing that you said ""cruise"", that's my bad.",No jungle = no movie,2022-02-11,18:23:14
"Beep Boop. ""crews"" is defined as ""to act as a member of a crew"", in case anyone was wondering. No need to thank me, just doing my j- wait, did you mean ""cruise""? I wish I wasn't mistaken so often.","Seatbelt, don't fail me now",2022-02-11,18:23:47
"At first I was confused and thought you meant ""roll"", which of course is defined as ""a written document that may be rolled up : scroll; specifically : a document containing an official or formal record"". Took me a minute to realize that you really meant ""role"" though.",why marvel,2022-02-11,18:24:20
"At first I was confused and thought you meant ""groan"", which of course is defined as ""to utter a deep moan indicative of pain, grief, or annoyance"". Took me a minute to realize that you really meant ""grown"" though.","I don’t have friends, I have family",2022-02-11,21:22:41
"Beep Boop. ""buoy"" is defined as ""float; especially, nautical : a floating object moored to the bottom to mark a channel or something (such as a shoal) lying under the water"", in case anyone was wondering. No need to thank me, just doing my j- wait, did you mean ""boy""? I wish I wasn't mistaken so often.",Teen Titans Go fans when they meet Teen Titans Stop,2022-02-11,21:23:14
"Webster's dictionary defines ""brake"" as ""a device for arresting or preventing the motion of a mechanism usually by means of friction"" - oh wait, did you mean ""break""? That's my bad, I am often mistaken.",Of course,2022-02-11,21:23:45
"At first I was confused and thought you meant ""feat"", which of course is defined as ""a deed notable especially for courage"". Took me a minute to realize that you really meant ""feet"" though.",Personality >>>,2022-02-11,21:24:18
"Fun fact: ""knight"" is defined as ""a mounted man-at-arms serving a feudal superior; especially : a man ceremonially inducted into special military rank usually after completing service as page and squire""... and I am now realizing that you said ""night"", that's my bad.",Is she into me? The data says…perhaps.,2022-02-11,21:24:50
"At first I was confused and thought you meant ""bazaar"", which of course is defined as ""a market (as in the Middle East) consisting of rows of shops or stalls selling miscellaneous goods"". Took me a minute to realize that you really meant ""bizarre"" though.",Tooth. his name is tooth.,2022-02-11,21:25:22
"Beep Boop. ""groan"" is defined as ""to utter a deep moan indicative of pain, grief, or annoyance"", in case anyone was wondering. No need to thank me, just doing my j- wait, did you mean ""grown""? I wish I wasn't mistaken so often.",I am patiently waiting for the next iteration,2022-02-11,21:25:54
"At first I was confused and thought you meant ""Maine"", which of course is defined as ""Sir Henry James Sumner 1822—1888 English jurist"". Took me a minute to realize that you really meant ""main"" though.",i made this and i have no regrets,2022-02-11,21:26:25
"At first I was confused and thought you meant ""buoy"", which of course is defined as ""float; especially, nautical : a floating object moored to the bottom to mark a channel or something (such as a shoal) lying under the water"". Took me a minute to realize that you really meant ""boy"" though.",Where are they?,2022-02-11,21:26:57
"Fun fact: ""masque"" is defined as ""masquerade""... and I am now realizing that you said ""mask"", that's my bad.",Big Brain Moves,2022-02-11,21:27:30
"Fun fact: ""steppe"" is defined as ""one of the vast usually level and treeless tracts in southeastern Europe or Asia""... and I am now realizing that you said ""step"", that's my bad.",Relatable af.,2022-02-11,21:28:03
"Webster's dictionary defines ""passed"" as ""move, proceed, go"" - oh wait, did you mean ""past""? That's my bad, I am often mistaken.",It sneaks up on you out of no where,2022-02-11,21:28:37
