word_id,text,spelling,relation_id
1,a,a,1
2,eh,eh,1
3,a while,a while,3
4,awhile,awhile,3
5,Abel,Abel,4
6,able,able,4
7,absence,absence,5
8,absents,absents,5
9,abstinence,abstinence,6
10,abstinents,abstinents,6
11,accede,accede,7
12,axseed,axseed,7
13,accepter,accepter,8
14,acceptor,acceptor,8
15,accidence,accidence,9
16,accidents,accidents,9
17,acclamation,acclamation,10
18,acclimation,acclimation,10
19,ad,ad,11
20,add,add,11
21,ade,ade,12
22,aid,aid,12
23,aide,aide,12
24,adherence,adherence,13
25,adherents,adherents,13
26,adieu,adieu,14
27,ado,ado,14
28,adolescence,adolescence,15
29,adolescents,adolescents,15
30,adds,adds,16
31,ads,ads,16
32,adze,adze,16
33,adulteress,adulteress,17
34,adulterous,adulterous,17
35,adventuress,adventuress,18
36,adventurous,adventurous,18
37,aerie,aerie,19
38,aery,aery,19
39,airy,airy,19
40,eyrie,eyrie,19
41,aes,aes,20
42,ayes,ayes,20
43,eyes,eyes,20
44,ai,ai,21
45,aye,aye,21
46,eye,eye,21
47,I,I,21
48,ail,ail,22
49,ale,ale,22
50,ails,ails,23
51,ales,ales,23
52,air,air,24
53,aire,aire,24
54,are,are,24
55,ayr,Ayr,24
56,ayre,ayre,24
57,ere,ere,24
58,err,err,24
59,eyre,eyre,24
60,heir,heir,24
61,airless,airless,25
62,heirless,heirless,25
63,aisle,aisle,26
64,I'll,I'll,26
65,isle,isle,26
66,ait,ait,27
67,ate,ate,27
68,eight,eight,27
69,aitch,aitch,28
70,h,h,28
71,all,all,29
72,awl,awl,29
73,all ready,all ready,30
74,already (2 words/1 word),already,30
75,all together,all together,31
76,altogether (2 words/1 word),altogether,31
77,allowed,allowed,32
78,aloud,aloud,32
79,altar,altar,33
80,alter,alter,33
81,analyst,analyst,34
82,annalist,annalist,34
83,ant,ant,35
84,aunt,aunt,35
85,ante,ante,36
86,anti-,anti-,36
87,auntie,auntie,36
88,aunty,aunty,36
89,apatite,apatite,37
90,appetite,appetite,37
91,apps,apps,38
92,apse,apse,38
93,ar,ar,39
94,are,are,39
95,arc,arc,40
96,ark,ark,40
97,armer,armer,41
98,armor,armor,41
99,as,as,42
100,ass,ass,42
101,asse,asse,42
102,ascent,ascent,43
103,assent,assent,43
104,assistance,assistance,44
105,assistants,assistants,44
106,attendance,attendance,45
107,attendants,attendants,45
108,auger,auger,46
109,augur,augur,46
110,aught,aught,47
111,ought,ought,47
112,auk,auk,48
113,awk,awk,48
114,aural,aural,49
115,oral,oral,49
116,auricle,auricle,50
117,oracle,oracle,50
118,away,away,51
119,aweigh,aweigh,51
120,axel,axel,52
121,axil,axil,52
122,axle,axle,52
123,b,b,53
124,be,be,53
125,bee,bee,53
126,baa,baa,54
127,bah,bah,54
128,bad,bad,55
129,bade,bade,55
130,Baal,Baal,56
131,bail,bail,56
132,bale,bale,56
133,bailed,bailed,57
134,baled,baled,57
135,bailee,bailee,58
136,bailey,bailey,58
137,bailie,bailie,58
138,bailer,bailer,59
139,bailor,bailor,59
140,baler,baler,59
141,bair,bair,60
142,bare,bare,60
143,bear,bear,60
144,bait,bait,61
145,bate,bate,61
146,baited,baited,62
147,bated,bated,62
148,baiting,baiting,63
149,bating,bating,63
150,baize,baize,64
151,bays,bays,64
152,beys,beys,64
153,bald,bald,65
154,balled,balled,65
155,bawled,bawled,65
156,ball,ball,66
157,bawl,bawl,66
158,balm,balm,67
159,bomb,bomb,67
160,baloney,baloney,68
161,bologna,bologna,68
162,ban,ban,69
163,bann,bann,69
164,band,band,70
165,banned,banned,70
166,bar,bar,71
167,barre,barre,71
168,bard,bard,72
169,barred,barred,72
170,bare,bare,73
171,bear,bear,73
172,bark,bark,74
173,barque,barque,74
174,baron,baron,75
175,barren,barren,75
176,basal,basal,76
177,basil,basil,76
178,base,base,77
179,bass,bass,77
180,bases,bases,78
181,basses,basses,78
182,based,based,79
183,baste,baste,79
184,basest,basest,80
185,bassist,bassist,80
186,bask,bask,81
187,basque,basque,81
188,bat,bat,82
189,batt,batt,82
190,baud,baud,83
191,bawd,bawd,83
192,bay,bay,84
193,bey,bey,84
194,bazaar,bazaar,85
195,bizarre,bizarre,85
196,beach,beach,86
197,beech,beech,86
198,bean,bean,87
199,been,been,87
200,beat,beat,88
201,beet,beet,88
202,beau,beau,89
203,bow,bow,89
204,beaut,beaut,90
205,butte,butte,90
206,been,been,91
207,bin,bin,91
208,bine,bine,91
209,beer,beer,92
210,bier,bier,92
211,bees,bees,93
212,bise,bise,93
213,beetle,beetle,94
214,betel,betel,94
215,bel,bel,95
216,bell,bell,95
217,belle,belle,95
218,belligerence,belligerence,96
219,belligerents,belligerents,96
220,berg,berg,97
221,burg,burg,97
222,berries,berries,98
223,buries,buries,98
224,berry,berry,99
225,bury,bury,99
226,berth,berth,100
227,birth,birth,100
228,better,better,101
229,bettor,bettor,101
230,bi,bi,102
231,buy,buy,102
232,by,by,102
233,bye,bye,102
234,bight,bight,103
235,bite,bite,103
236,byte,byte,103
237,billed,billed,104
238,build,build,104
239,bird,bird,105
240,burd,burd,105
241,burred,burred,105
242,bit,bit,106
243,bitt,bitt,106
244,blair,blair,107
245,blare,blare,107
246,blend,blend,108
247,blende,blende,108
248,blew,blew,109
249,blue,blue,109
250,bloc,bloc,110
251,block,block,110
252,boar,boar,111
253,boer,boer,111
254,bore,bore,111
255,board,board,112
256,bored,bored,112
257,boarder,boarder,113
258,border,border,113
259,bocks,bocks,114
260,box,box,114
261,bode,bode,115
262,bowed,bowed,115
263,bodies,bodies,116
264,body's,body's,116
265,bogey,bogey,117
266,bogie,bogie,117
267,bogy,bogy,117
268,bold,bold,118
269,bowled,bowled,118
270,bolder,bolder,119
271,boulder,boulder,119
272,bole,bole,120
273,boll,boll,120
274,bowl,bowl,120
275,boos,boos,121
276,booze,booze,121
277,bootee,bootee,122
278,booty,booty,122
279,born,born,123
280,bourn,bourn,123
281,bourne,bourne,123
282,borough,borough,124
283,burro,burro,124
284,burrow,burrow,124
285,bough,bough,125
286,bow,bow,125
287,boullion,boullion,126
288,bullion,bullion,126
289,boy,boy,127
290,buoy,buoy,127
291,brae,brae,128
292,bray,bray,128
293,braes,braes,129
294,braise,braise,129
295,brays,brays,129
296,braze,braze,129
297,braid,braid,130
298,brayed,brayed,130
299,brake,brake,131
300,break,break,131
301,braking,braking,132
302,breaking,breaking,132
303,brassie,brassie,133
304,brassy,brassy,133
305,breach,breach,134
306,breech,breech,134
307,bread,bread,135
308,bred,bred,135
309,bree,bree,136
310,brie,brie,136
311,brewed,brewed,137
312,brood,brood,137
313,brews,brews,138
314,bruise,bruise,138
315,bridal,bridal,139
316,bridle,bridle,139
317,brows,brows,140
318,browse,browse,140
319,bruit,bruit,141
320,brut,brut,141
321,brute,brute,141
322,buccal,buccal,142
323,buckle,buckle,142
324,bundt,bundt,143
325,bunt,bunt,143
326,birr,birr,144
327,bur,bur,144
328,burr,burr,144
329,burley,burley,145
330,burly,burly,145
331,bus,bus,146
332,buss,buss,146
333,bused,bused,147
334,bussed,bussed,147
335,bust,bust,147
336,but,but,148
337,butt,butt,148
338,buyer,buyer,149
339,byre,byre,149
340,c,c,150
341,cee,cee,150
342,sea,sea,150
343,see,see,150
345,cees,cees,151
346,seas,seas,151
347,sees,sees,151
348,seize,seize,151
349,cache,cache,152
350,cash,cash,152
351,cached,cached,153
352,cashed,cashed,153
353,caches,caches,154
354,cashes,cashes,154
355,caching,caching,155
356,cashing,cashing,155
357,cachou,cachou,156
358,cashew,cashew,156
359,caddie,caddie,157
360,caddy,caddy,157
361,cadi,cadi,157
362,caird,caird,158
363,cared,cared,158
364,calculous,calculous,159
365,calculus,calculus,159
366,calendar,calendar,160
367,calender,calender,160
368,calix,calix,161
369,calyx,calyx,161
370,calk,calk,162
371,caulk,caulk,162
372,call,call,163
373,caul,caul,163
374,col,col,163
375,callous,callous,164
376,callus,callus,164
377,camara,camara,165
378,camera,camera,165
379,came,came,166
380,kame,kame,166
381,canape,canape,167
382,canopy,canopy,167
383,Cain,Cain,168
384,cane,cane,168
385,canine,canine,169
386,K9,K9,169
387,cannon,cannon,170
388,canon,canon,170
391,canter,canter,172
392,cantor,cantor,172
393,canvas,canvas,173
394,canvass,canvass,173
395,capital,capital,174
396,capitol,capitol,174
397,carat,carat,175
398,caret,caret,175
399,carrot,carrot,175
400,karat,karat,175
401,caries,caries,176
402,carries,carries,176
403,carol,carol,177
404,carrel,carrel,177
405,carpal,carpal,178
406,carpel,carpel,178
407,cask,cask,179
408,casque,casque,179
409,cast,cast,180
410,caste,caste,180
411,caster,caster,181
412,castor,castor,181
413,caudal,caudal,182
414,caudle,caudle,182
415,cause,cause,183
416,caws,caws,183
417,cay,cay,184
418,key,key,184
419,quay,quay,184
420,cedar,cedar,185
421,ceder,ceder,185
422,seeder,seeder,185
423,cede,cede,186
424,seed,seed,186
425,ceding,ceding,187
426,seeding,seeding,187
427,ceil,ceil,188
428,seal,seal,188
429,seel,seel,188
430,ceiling,ceiling,189
431,sealing,sealing,189
432,cel,cel,190
433,cell,cell,190
434,sell,sell,190
435,cellar,cellar,191
436,seller,seller,191
437,cense,cense,192
438,cents,cents,192
439,scents,scents,192
440,sense,sense,192
441,censer,censer,193
442,censor,censor,193
443,senser,senser,193
444,sensor,sensor,193
445,censing,censing,194
446,sensing,sensing,194
447,cent,cent,195
448,scent,scent,195
449,sent,sent,195
450,cerate,cerate,196
451,serrate,serrate,196
452,cere,cere,197
453,sear,sear,197
454,seer,seer,197
455,sere,sere,197
456,cereal,cereal,198
457,serial,serial,198
458,Ceres,Ceres,199
459,series,series,199
460,cession,cession,200
461,session,session,200
462,cete,cete,201
463,seat,seat,201
464,chair,chair,202
465,chare,chare,202
466,chaise,chaise,203
467,shays,shays,203
468,champagne,champagne,204
469,champaign,champaign,204
470,chance,chance,205
471,chants,chants,205
472,chantey,chantey,206
473,chanty,chanty,206
474,shanty,shanty,206
475,chard,chard,207
476,charred,charred,207
477,chary,chary,208
478,cherry,cherry,208
479,chased,chased,209
480,chaste,chaste,209
481,cheap,cheap,210
482,cheep,cheep,210
483,check,check,211
484,cheque,cheque,211
485,Czech,Czech,211
486,chew,chew,212
487,Chou,Chou,212
488,chews,chews,213
489,choose,choose,213
490,chic,chic,214
491,sheik,sheik,214
492,chili,chili,215
493,chilly,chilly,215
494,chin,chin,216
495,chine,chine,216
496,chitin,chitin,217
497,chiton,chiton,217
498,kitten,kitten,217
499,choc,choc,218
500,chock,chock,218
501,choral,choral,219
502,coral,coral,219
503,choir,choir,220
504,quire,quire,220
505,choler,choler,221
506,collar,collar,221
507,chorale,chorale,222
508,corral,corral,222
509,chord,chord,223
510,cord,cord,223
511,cored,cored,223
512,chordate,chordate,224
513,cordate,cordate,224
514,chough,chough,225
515,chuff,chuff,225
516,chrism,chrism,226
517,chrisom,chrisom,226
518,chucker,chucker,227
519,chukker,chukker,227
520,chute,chute,228
521,shoot,shoot,228
522,chyle,chyle,229
523,kill,kill,229
524,kiln,kiln,229
525,cinque,cinque,230
526,sink,sink,230
527,sync,sync,230
528,cinque,cinque,231
529,sank,sank,231
530,cirrous,cirrous,232
531,cirrus,cirrus,232
532,serous,serous,232
533,cist,cist,233
534,cyst,cyst,233
535,cist,cist,234
536,kissed,kissed,234
537,cite,cite,235
538,sight,sight,235
539,site,site,235
540,cited,cited,236
541,sighted,sighted,236
542,sited,sited,236
543,cites,cites,237
544,sights,sights,237
545,sites,sites,237
546,citing,citing,238
547,sighting,sighting,238
548,siting,siting,238
549,clabbered,clabbered,239
550,clapboard,clapboard,239
551,clack,clack,240
552,clacque,clacque,240
553,clairvoyance,clairvoyance,241
554,clairvoyants,clairvoyants,241
555,clause,clause,242
556,claws,claws,242
557,clew,clew,243
558,clue,clue,243
559,click,click,244
560,clique,clique,244
561,climb,climb,245
562,clime,clime,245
563,close,close,246
564,clothes,clothes,246
565,coal,coal,247
566,cole,cole,247
567,kohl,kohl,247
568,coarse,coarse,248
569,corse,corse,248
570,course,course,248
571,coat,coat,249
572,cote,cote,249
573,coax,coax,250
574,cokes,cokes,250
575,cocks,cocks,251
576,cox,cox,251
577,coco,coco,252
578,cocoa,cocoa,252
579,coddling,coddling,253
580,codling,codling,253
581,coffer,coffer,254
582,cougher,cougher,254
583,coin,coin,255
584,quoin,quoin,255
585,collard,collard,256
586,collared,collared,256
587,colonel,colonel,257
588,kernel,kernel,257
589,color,color,258
590,culler,culler,258
591,come,come,259
592,cum,cum,259
593,competence,competence,260
594,competents,competents,260
595,complacent,complacent,261
596,complaisant,complaisant,261
597,compleat,compleat,262
598,complete,complete,262
599,complement,complement,263
600,compliment,compliment,263
601,con,con,264
602,conn,conn,264
603,khan,khan,264
604,concent,concent,265
605,consent,consent,265
606,concenter,concenter,266
607,consenter,consenter,266
608,conch,conch,267
609,conk,conk,267
610,condescendence,condescendence,268
611,condescendents,condescendents,268
612,confectionary,confectionary,269
613,confectionery,confectionery,269
614,conker,conker,270
615,conquer,conquer,270
616,consulter,consulter,271
617,consultor,consultor,271
618,continence,continence,272
619,continents,continents,272
620,coo,coo,273
621,coup,coup,273
622,coolie,coolie,274
623,coolly,coolly,274
624,coulee,coulee,274
625,cop,cop,275
626,kop,kop,275
627,copped,copped,276
628,copt,copt,276
629,cops,cops,277
630,copse,copse,277
631,coquet,coquet,278
632,coquette,coquette,278
633,core,core,279
634,corps,corps,279
635,kor,kor,279
636,correspondence,correspondence,280
637,correspondents,correspondents,280
638,cosign,cosign,281
639,cosine,cosine,281
640,cosey,cosey,282
641,cosy,cosy,282
642,cozy,cozy,282
643,council,council,283
644,counsel,counsel,283
645,councillor,councillor,284
646,councilor,councilor,284
647,counsellor,counsellor,284
648,counselor,counselor,284
649,courtesy,courtesy,285
650,curtesy,curtesy,285
651,cousin,cousin,286
652,cozen,cozen,286
653,coward,coward,287
654,cowered,cowered,287
655,coy,coy,288
656,koi,koi,288
657,craft,craft,289
658,kraft,kraft,289
659,crape,crape,290
660,crepe,crepe,290
661,crater,crater,291
662,krater,krater,291
663,creak,creak,292
664,creek,creek,292
665,crewed,crewed,293
666,crude,crude,293
667,crewel,crewel,294
668,cruel,cruel,294
669,crews,crews,295
670,cruise,cruise,295
671,croc,croc,296
672,crock,crock,296
673,cross,cross,297
674,crosse,crosse,297
675,crumby,crumby,298
676,crummie,crummie,298
677,crummy,crummy,298
678,cue,cue,299
679,queue,queue,299
680,curd,curd,300
681,kurd,kurd,300
682,currant,currant,301
683,current,current,301
684,curser,curser,302
685,cursor,cursor,302
686,cygnet,cygnet,303
687,signet,signet,303
688,cymbal,cymbal,304
689,symbol,symbol,304
690,cypress,cypress,305
691,Cyprus,Cyprus,305
692,d,d,306
693,dee,dee,306
694,dam,dam,307
695,damn,damn,307
696,dammed,dammed,308
697,damned,damned,308
698,Dane,Dane,309
699,deign,deign,309
700,days,days,310
701,daze,daze,310
702,dean,dean,311
703,dene,dene,311
704,dear,dear,312
705,deer,deer,312
706,deem,deem,313
707,deme,deme,313
708,Delhi,Delhi,314
709,deli,deli,314
710,dense,dense,315
711,dents,dents,315
712,dental,dental,316
713,dentil,dentil,316
714,dependence,dependence,317
715,dependents,dependents,317
716,descendant,descendant,318
717,descendent,descendent,318
718,descendence,descendence,319
719,descendents,descendents,319
720,desert,desert,320
721,dessert,dessert,320
722,despondence,despondence,321
723,despondents,despondents,321
724,deuce,deuce,322
725,douce,douce,322
726,devel,devel,323
727,devil,devil,323
728,devle,devle,323
729,deviser,deviser,324
730,devisor,devisor,324
731,divisor,divisor,324
732,dew,dew,325
733,do,do,325
734,due,due,325
735,die,die,326
736,dye,dye,326
737,died,died,327
738,dyed,dyed,327
739,dike,dike,328
740,dyke,dyke,328
741,dine,dine,329
742,dyne,dyne,329
743,dire,dire,330
744,dyer,dyer,330
745,disc,disc,331
746,disk,disk,331
747,discreet,discreet,332
748,discrete,discrete,332
749,do,do,333
750,doe,doe,333
751,dough,dough,333
752,doc,doc,334
753,dock,dock,334
754,does,does,335
755,doughs,doughs,335
756,doze,doze,335
757,done,done,336
758,dun,dun,336
759,door,door,337
760,dor,dor,337
761,douse,douse,338
762,dowse,dowse,338
763,dour,dour,339
764,dower,dower,339
765,drachm,drachm,340
766,dram,dram,340
767,draft,draft,341
768,draught,draught,341
769,droop,droop,342
770,drupe,drupe,342
771,dual,dual,343
772,duel,duel,343
773,ducked,ducked,344
774,duct,duct,344
775,dyeing,dyeing,345
776,dying,dying,345
779,earn,earn,347
780,erne,erne,347
781,urn,urn,347
782,eave,eave,348
783,eve,eve,348
784,eerie,eerie,349
785,Erie,Erie,349
786,el,el,350
787,ell,ell,350
788,elicit,elicit,351
789,illicit,illicit,351
790,em,em,352
791,m,m,352
792,en,en,353
793,n,n,353
794,epic,epic,354
795,epoch,epoch,354
796,equater,equater,355
797,equator,equator,355
798,equivalence,equivalence,356
799,equivalents,equivalents,356
800,erk,erk,357
801,irk,irk,357
802,eruption,eruption,358
803,irruption,irruption,358
804,eruptive,eruptive,359
805,irruptive,irruptive,359
806,ess,ess,360
807,s,s,360
808,eunuchs,eunuchs,361
809,Unix,Unix,361
810,ewe,ewe,362
811,yew,yew,362
812,you,you,362
813,ewes,ewes,363
814,use,use,363
815,yews,yews,363
816,youse,yews,363
817,ex,ex,364
818,x,x,364
819,expedience,expedience,365
820,expedients,expedients,365
821,eyed,eyed,366
822,I'd,I'd,366
823,eyelet,eyelet,367
824,islet,islet,367
825,eyer,eyer,368
826,ire,ire,368
827,faery,faery,369
828,fairy,fairy,369
829,faille,faille,370
830,file,file,370
831,phial,phial,370
832,fain,fain,371
833,fane,fane,371
834,feign,feign,371
835,faint,faint,372
836,feint,feint,372
837,fair,fair,373
838,fare,fare,373
839,fairing,fairing,374
840,faring,faring,374
841,faker,faker,375
842,fakir,fakir,375
843,faro,faro,376
844,farrow,farrow,376
845,pharaoh,pharaoh,376
846,fat,fat,377
847,phat,phat,377
848,fatalist,fatalist,378
849,fatelist,fatelist,378
850,fate,fate,379
851,fete,fete,379
852,fated,fated,380
853,feted,feted,380
854,father,father,381
855,fother,fother,381
856,faun,faun,382
857,fawn,fawn,382
858,fay,fay,383
859,fey,fey,383
860,fays,fays,384
861,faze,faze,384
862,phase,phase,384
863,fazed,fazed,385
864,phased,phased,385
865,fazes,fazes,386
866,phases,phases,386
867,fazing,fazing,387
868,phasing,phasing,387
869,feat,feat,388
870,feet,feet,388
871,feaze,feaze,389
872,fees,fees,389
873,feeze,feeze,389
874,felloe,felloe,390
875,fellow,fellow,390
876,fennel,fennel,391
877,phenyl,phenyl,391
878,ferri-,ferri-,392
879,ferry,ferry,392
880,ferrule,ferrule,393
881,ferule,ferule,393
882,few,few,394
883,phew,phew,394
884,fiance,fiance,395
885,fiancee,fiancee,395
886,fie,fie,396
887,phi,phi,396
888,filet,filet,397
889,fillet,fillet,397
890,fills,fills,398
891,fils,fils,398
892,filter,filter,399
893,philter,philter,399
894,fin,fin,400
895,Finn,Finn,400
896,find,find,401
897,fined,fined,401
898,finish,finish,402
899,Finnish,Finnish,402
900,fuhrer,fuhrer,403
901,furor,furor,403
902,furore,furore,403
903,firry,firry,404
904,furry,furry,404
905,firs,firs,405
906,furs,furs,405
907,furze,furze,405
908,fisher,fisher,406
909,fissure,fissure,406
910,fishing,fishing,407
911,phishing,phishing,407
912,fizz,fizz,408
913,phiz,phiz,408
914,flack,flack,409
915,flak,flak,409
916,flair,flair,410
917,flare,flare,410
918,flea,flea,411
919,flee,flee,411
920,flecks,flecks,412
921,flex,flex,412
922,flew,flew,413
923,flu,flu,413
924,flue,flue,413
925,flier,flier,414
926,flyer,flyer,414
927,floc,floc,415
928,flock,flock,415
929,flocks,flocks,416
930,phlox,phlox,416
931,floe,floe,417
932,flow,flow,417
933,floes,floes,418
934,flows,flows,418
935,florescence,florescence,419
936,florescents,florescents,419
937,fluorescence,fluorescence,419
938,flour,flour,420
939,flower,flower,420
940,foaled,foaled,421
941,fold,fold,421
942,for,for,422
943,fore,fore,422
944,four,four,422
945,forbear,forbear,423
946,forebear,forebear,423
947,forego,forego,424
948,forgo,forgo,424
949,foreward,foreward,425
950,forward,forward,425
951,form,form,426
952,forme,forme,426
953,fort,fort,427
954,forte,forte,427
955,forth,forth,428
956,fourth,fourth,428
957,foul,foul,429
958,fowl,fowl,429
959,fraise,fraise,430
960,frays,frays,430
961,phrase,phrase,430
962,franc,franc,431
963,frank,frank,431
964,frees,frees,432
965,freeze,freeze,432
966,frieze,frieze,432
967,friar,friar,433
968,frier,frier,433
969,fryer,fryer,433
970,fro,fro,434
971,froe,froe,434
972,fungous,fungous,435
973,fungus,fungus,435
974,g,g,437
975,gee,gee,437
976,Gael,Gael,438
977,gale,gale,438
978,gaff,gaff,440
979,gaffe,gaffe,440
980,gage,gage,441
981,gauge,gauge,441
982,gaht,gaht,442
983,gat,gat,442
984,gait,gait,443
985,gate,gate,443
986,gaiter,gaiter,444
987,gator,gator,444
988,gaited,gaited,445
989,gated,gated,445
990,galley,galley,446
991,gally,gally,446
992,gallop,gallop,447
993,galop,galop,447
994,gamble,gamble,448
995,gambol,gambol,448
996,gamin,gamin,449
997,gammon,gammon,449
998,gased,gased,450
999,gassed,gassed,450
1000,gast,gast,450
1001,gays,gays,451
1002,gaze,gaze,451
1003,gel,gel,452
1004,jell,jell,452
1005,gene,gene,453
1006,jean,jean,453
1007,gest,gest,454
1008,jest,jest,454
1009,gibe,gibe,455
1010,jibe,jibe,455
1011,gild,gild,456
1012,gilled,gilled,456
1013,guild,guild,456
1014,gilt,gilt,457
1015,guilt,guilt,457
1016,gin,gin,458
1017,jinn,jinn,458
1018,glair,glair,459
1019,glare,glare,459
1020,glairy,glairy,460
1021,glary,glary,460
1022,gnar,gnar,461
1023,knar,knar,461
1024,gneiss,gneiss,462
1025,nice,nice,462
1026,gnu,gnu,463
1027,knew,knew,463
1028,new,new,463
1029,nu,nu,463
1030,gnus,gnus,464
1031,news,news,464
1032,gofer,gofer,465
1033,gopher,gopher,465
1034,gored,gored,466
1035,gourd,gourd,466
1036,gorilla,gorilla,467
1037,guerilla,guerilla,467
1038,gourd,gourd,468
1039,gourde,gourde,468
1040,graft,graft,469
1041,graphed,graphed,469
1042,grate,grate,470
1043,great,great,470
1044,grade,grade,471
1045,grayed,grayed,471
1046,grays,grays,472
1047,graze,graze,472
1048,grease,grease,473
1049,Greece,Greece,473
1050,greave,greave,474
1051,grieve,grieve,474
1052,greaves,greaves,475
1053,grieves,grieves,475
1054,gray,gray,476
1055,grey,grey,476
1056,grayer,grayer,477
1057,greyer,greyer,477
1058,grievance,grievance,478
1059,grievants,grievants,478
1060,grip,grip,479
1061,grippe,grippe,479
1062,grisly,grisly,480
1063,grizzly,grizzly,480
1064,groan,groan,481
1065,grown,grown,481
1066,grocer,grocer,482
1067,grosser,grosser,482
1068,gros,gros,483
1069,grow,grow,483
1070,guarantee,guarantee,484
1071,guaranty,guaranty,484
1072,guessed,guessed,485
1073,guest,guest,485
1074,guide,guide,486
1075,guyed,guyed,486
1076,guise,guise,487
1077,guys,guys,487
1078,gyve,gyve,488
1079,jive,jive,488
1080,ha ha,ha ha,489
1081,ha-ha,ha-ha,489
1082,hae,hae,490
1083,hay,hay,490
1084,hey,hey,490
1085,haik,haik,491
1086,hike,hike,491
1087,hail,hail,492
1088,hale,hale,492
1089,hair,hair,493
1090,hare,hare,493
1091,hall,hall,494
1092,haul,haul,494
1093,halve,halve,495
1094,have,have,495
1095,halves,halves,496
1096,haves,haves,496
1097,handmade,handmade,497
1098,handmaid,handmaid,497
1099,handsome,handsome,498
1100,hansom,hansom,498
1101,hangar,hangar,499
1102,hanger,hanger,499
1103,hart,hart,500
1104,heart,heart,500
1105,hays,hays,501
1106,haze,haze,501
1107,he'll,he'll,502
1108,heal,heal,502
1109,heel,heel,502
1110,heald,heald,503
1111,healed,healed,503
1112,heeled,heeled,503
1113,hear,hear,504
1114,here,here,504
1115,heard,heard,505
1116,herd,herd,505
1117,hears,hears,506
1118,here's,here's,506
1119,he'd,he'd,507
1120,heed,heed,507
1121,heigh,heigh,508
1122,hi,hi,508
1123,hie,hie,508
1124,high,high,508
1125,height,height,509
1126,hight,hight,509
1127,herds,herds,510
1128,hurds,hurds,510
1129,heroin,heroin,511
1130,heroine,heroine,511
1131,hertz,hertz,512
1132,hurts,hurts,512
1133,hew,hew,513
1134,hue,hue,513
1135,hews,hews,514
1136,hues,hues,514
1137,hic,hic,516
1138,hick,hick,516
1139,hide,hide,517
1140,hied,hied,517
1141,Hyde,Hyde,517
1142,higher,higher,518
1143,hire,hire,518
1144,him,him,519
1145,hymn,hymn,519
1146,hissed,hissed,520
1147,hist,hist,520
1148,ho,ho,521
1149,hoe,hoe,521
1150,whoa,whoa,521
1151,hoar,hoar,522
1152,whore,whore,522
1153,hoard,hoard,523
1154,horde,horde,523
1155,whored,whored,523
1156,hoarse,hoarse,524
1157,horse,horse,524
1158,hoc,hoc,525
1159,hock,hock,525
1160,hough,hough,525
1161,hoes,hoes,526
1162,hose,hose,526
1163,hold,hold,527
1164,holed,holed,527
1165,hole,hole,528
1166,whole,whole,528
1167,holey,holey,529
1168,holy,holy,529
1169,wholly,wholly,529
1170,holm,holm,530
1171,hom,hom,530
1172,home,home,530
1173,hoo,hoo,531
1174,who,who,531
1175,hostel,hostel,532
1176,hostile,hostile,532
1177,hour,hour,533
1178,our,our,533
1179,hours,hours,534
1180,ours,ours,534
1181,house,house,535
1184,humerus,humerus,536
1185,humorous,humorous,536
1186,idle,idle,537
1187,idol,idol,537
1188,idyll,idyll,537
1189,immanent,immanent,538
1190,imminent,imminent,538
1191,impassable,impassable,539
1192,impassible,impassible,539
1193,impotence,impotence,540
1194,impotents,impotents,540
1195,in,in,541
1196,inn,inn,541
1197,Inc.,Inc.,542
1198,ink,ink,542
1199,incidence,incidence,543
1200,incidents,incidents,543
1201,incite,incite,544
1202,insight,insight,544
1203,inciteful,inciteful,545
1204,insightful,insightful,545
1205,incompetence,incompetence,546
1206,incompetents,incompetents,546
1207,independence,independence,547
1208,independents,independents,547
1209,indict,indict,548
1210,indite,indite,548
1211,inflection,inflection,549
1212,inflexion,inflexion,549
1213,infuser,infuser,550
1214,infusor,infusor,550
1215,innocence,innocence,551
1216,innocents,innocents,551
1217,inns,inns,552
1218,ins,ins,552
1219,installation,installation,553
1220,instillation,instillation,553
1221,instance,instance,554
1222,instants,instants,554
1223,intense,intense,555
1224,intents,intents,555
1227,j,j,557
1228,jay,jay,557
1229,jab,jab,558
1230,jabb,jabb,558
1231,jam,jam,559
1232,jamb,jamb,559
1233,jewel,jewel,560
1234,joule,joule,560
1235,Jewry,Jewry,561
1236,jury,jury,561
1237,jinks,jinks,562
1238,jinx,jinx,562
1239,key,key,563
1240,quay,quay,563
1241,k,k,564
1242,kay,kay,564
1243,kite,kite,565
1244,kyte,kyte,565
1245,knap,knap,566
1246,nap,nap,566
1247,knaves,knaves,567
1248,naves,naves,567
1249,knead,knead,568
1250,kneed,kneed,568
1251,need,need,568
1252,kneaded,kneaded,569
1253,needed,needed,569
1254,knee,knee,570
1255,nee,nee,570
1256,knickers,knickers,571
1257,nickers,nickers,571
1258,knight,knight,572
1259,night,night,572
1260,knit,knit,573
1261,nit,nit,573
1262,knits,knits,574
1263,nits,nits,574
1264,knob,knob,575
1265,nob,nob,575
1266,knobs,knobs,576
1267,nobs,nobs,576
1268,knock,knock,577
1269,nock,nock,577
1270,knot,knot,578
1271,not,not,578
1272,know,know,579
1273,no,no,579
1274,knows,knows,580
1275,noes,noes,580
1276,nose,nose,580
1277,krona,krona,581
1278,krone,krone,581
1279,laager,laager,582
1280,lager,lager,582
1281,logger,logger,582
1282,lac,lac,583
1283,lack,lack,583
1284,laches,laches,584
1285,latches,latches,584
1286,lacks,lacks,585
1287,lax,lax,585
1288,lade,lade,586
1289,laid,laid,586
1290,leid,leid,586
1291,lain,lain,587
1292,lane,lane,587
1293,lam,lam,588
1294,lamb,lamb,588
1295,lama,lama,589
1296,llama,llama,589
1297,lama,lama,590
1298,llamas,llamas,590
1299,lance,lance,591
1300,launce,launce,591
1301,lap,lap,592
1302,Lapp,Lapp,592
1303,Lapps,Lapps,593
1304,laps,laps,593
1305,lapse,lapse,593
1306,lase,lase,594
1307,lays,lays,594
1308,laze,laze,594
1309,leas,leas,594
1310,leis,leis,594
1311,leys,leys,594
1312,laser,laser,595
1313,lazar,lazar,595
1314,lazer,lazer,595
1315,lay,lay,596
1316,lei,lei,596
1317,ley,ley,596
1318,lea,lea,597
1319,lee,lee,597
1320,li,li,597
1321,leach,leach,598
1322,leech,leech,598
1323,leaches,leaches,599
1324,leeches,leeches,599
1325,lead,lead,600
1326,led,led,600
1327,leaf,leaf,601
1328,lief,lief,601
1329,leak,leak,602
1330,leek,leek,602
1331,lean,lean,603
1332,lien,lien,603
1333,leans,leans,604
1334,liens,liens,604
1335,Lear,Lear,605
1336,leer,leer,605
1337,leas,leas,606
1338,lees,lees,606
1339,leased,leased,607
1340,least,least,607
1341,leave,leave,608
1342,lieve,lieve,608
1343,leaven,leaven,609
1344,levin,levin,609
1345,leaver,leaver,610
1346,lever,lever,610
1347,ledger,ledger,611
1348,leger,leger,611
1349,less,less,612
1350,loess,loess,612
1351,lessen,lessen,613
1352,lesson,lesson,613
1353,lesser,lesser,614
1354,lessor,lessor,614
1355,let,let,615
1356,Lett,Lett,615
1359,Letts,Letts,616
1360,levee,levee,617
1361,levy,levy,617
1362,levees,levees,618
1363,levies,levies,618
1364,liar,liar,619
1365,lier,lier,619
1366,lyre,lyre,619
1367,lice,lice,620
1368,lyse,lyse,620
1369,lichen,lichen,621
1370,liken,liken,621
1371,licht,licht,622
1372,licked,licked,622
1373,licker,licker,623
1374,liquor,liquor,623
1375,lickers,lickers,624
1376,liquors,liquors,624
1377,lie,lie,625
1378,lye,lye,625
1379,lieu,lieu,626
1380,loo,loo,626
1381,lightening,lightening,627
1382,lightning,lightning,627
1383,limb,limb,628
1384,limn,limn,628
1385,limbs,limbs,629
1386,limns,limns,629
1387,links,links,630
1388,lynx,lynx,630
1389,literal,literal,631
1390,littoral,littoral,631
1391,lo,lo,632
1392,low,low,632
1393,load,load,633
1394,lode,lode,633
1395,lowed,lowed,633
1396,loan,loan,634
1397,lone,lone,634
1398,loaner,loaner,635
1399,loner,loner,635
1400,loath,loath,636
1401,loathe,loathe,636
1402,lakh,lakh,637
1403,loch,loch,637
1404,lock,lock,637
1405,lough,lough,637
1406,lochs,lochs,638
1407,locks,locks,638
1408,lox,lox,638
1409,loon,loon,639
1410,lune,lune,639
1411,loop,loop,640
1412,loupe,loupe,640
1413,loos,loos,641
1414,lose,lose,641
1415,loose,loose,642
1416,luce,luce,642
1417,loot,loot,643
1418,lute,lute,643
1419,loots,loots,644
1420,lutes,lutes,644
1421,lux,lux,645
1422,luxe,luxe,645
1423,mach,mach,646
1424,mock,mock,646
1425,made,made,647
1426,maid,maid,647
1427,magnificence,magnificence,648
1428,magnificents,magnificents,648
1429,mail,mail,649
1430,male,male,649
1431,mails,mails,650
1432,males,males,650
1433,main,main,651
1434,Maine,Maine,651
1435,mane,mane,651
1436,maize,maize,652
1437,maze,maze,652
1438,malevolence,malevolence,653
1439,malevolents,malevolents,653
1440,mall,mall,654
1441,maul,maul,654
1442,mandrel,mandrel,655
1443,mandrill,mandrill,655
1444,manila,manila,656
1445,manilla,manilla,656
1446,manner,manner,657
1447,manor,manor,657
1448,manners,manners,658
1449,manors,manors,658
1450,mantel,mantel,659
1451,mantle,mantle,659
1452,marc,marc,660
1453,mark,mark,660
1454,marque,marque,660
1455,marcs,marcs,661
1456,marks,marks,661
1457,marques,marques,661
1458,Marx,Marx,661
1459,marquee,marquee,662
1460,marquis,marquis,662
1461,marshal,marshal,663
1462,martial,martial,663
1463,marten,marten,664
1464,martin,martin,664
1465,mask,mask,665
1466,masque,masque,665
1467,massed,massed,666
1468,mast,mast,666
1469,mat,mat,667
1470,matt,matt,667
1471,matte,matte,667
1472,may be,may be,668
1473,maybe (2 words/1 word),maybe,668
1474,me,me,669
1475,mi,mi,669
1476,mead,mead,670
1477,meed,meed,670
1478,mean,mean,671
1479,mesne,mesne,671
1480,mien,mien,671
1481,meat,meat,672
1482,meet,meet,672
1483,mete,mete,672
1484,meatier,meatier,673
1485,meteor,meteor,673
1486,medal,medal,674
1487,meddle,meddle,674
1488,medals,medals,675
1489,meddles,meddles,675
1490,metal,metal,676
1491,mettle,mettle,676
1492,mewl,mewl,677
1493,mule,mule,677
1494,mews,mews,678
1495,muse,muse,678
1496,mhos,mhos,680
1497,mots,mots,680
1498,mows,mows,680
1499,micks,micks,681
1500,mix,mix,681
1501,might,might,682
1502,mite,mite,682
1503,mil,mil,683
1504,mill,mill,683
1505,millenary,millenary,684
1506,millinery,millinery,684
1507,mince,mince,685
1508,mints,mints,685
1509,mind,mind,686
1510,mined,mined,686
1511,miner,miner,687
1512,minor,minor,687
1513,miners,miners,688
1514,minors,minors,688
1515,minks,minks,689
1516,minx,minx,689
1517,miscible,miscible,690
1518,missable,missable,690
1519,missal,missal,691
1520,missile,missile,691
1521,missals,missals,692
1522,missiles,missiles,692
1523,missed,missed,693
1524,mist,mist,693
1525,misses,misses,694
1526,missus,missus,694
1527,Mrs.,Mrs.,694
1528,moan,moan,695
1529,mown,mown,695
1530,moat,moat,696
1531,mote,mote,696
1532,mode,mode,697
1533,mowed,mowed,697
1534,mood,mood,698
1535,mooed,mooed,698
1536,moose,moose,699
1537,mousse,mousse,699
1538,mordant,mordant,700
1539,mordent,mordent,700
1540,morn,morn,701
1541,mourn,mourn,701
1542,morning,morning,702
1543,mourning,mourning,702
1544,mot,mot,703
1545,mow,mow,703
1546,much,much,704
1547,mutch,mutch,704
1548,mucous,mucous,705
1549,mucus,mucus,705
1550,mur,mur,706
1551,myrrh,myrrh,706
1552,murderess,murderess,707
1553,murderous,murderous,707
1554,muscle,muscle,708
1555,mussel,mussel,708
1556,muscles,muscles,709
1557,mussels,mussels,709
1558,mussed,mussed,710
1559,must,must,710
1560,mustard,mustard,711
1561,mustered,mustered,711
1562,mutual,mutual,712
1563,mutuel,mutuel,712
1564,nae,nae,713
1565,nay,nay,713
1566,Ne,Ne,713
1567,nee,nee,713
1568,neigh,neigh,713
1569,narc,narc,714
1570,nark,nark,714
1571,naval,naval,715
1572,navel,navel,715
1573,neap,neap,716
1574,neep,neep,716
1575,nickel,nickel,717
1576,nickle,nickle,717
1577,nicks,nicks,718
1578,nix,nix,718
1579,none,none,720
1580,nun,nun,720
1581,nonexistence,nonexistence,721
1582,nonexistents,nonexistents,721
1583,non-residence,non-residence,722
1584,non-residents,non-residents,722
1585,noose,noose,723
1586,nous,nous,723
1587,oak,oak,724
1588,oke,oke,724
1589,oar,oar,725
1590,or,or,725
1591,ore,ore,725
1592,oars,oars,726
1593,ores,ores,726
1594,obedience,obedience,727
1595,obedients,obedients,727
1596,od,od,728
1597,odd,odd,728
1598,ode,ode,729
1599,owed,owed,729
1600,oh,oh,730
1601,owe,owe,730
1602,ohs,ohs,731
1603,owes,owes,731
1604,one,one,732
1605,won,won,732
1606,oohs,oohs,733
1607,ooze,ooze,733
1608,overdo,overdo,734
1609,overdue,overdue,734
1610,overseas,overseas,735
1611,oversees,oversees,735
1612,p,p,736
1613,pea,pea,736
1614,pa,pa,737
1615,pah,pah,737
1616,pas,pas,737
1617,paced,paced,738
1618,paste,paste,738
1619,packed,packed,739
1620,pact,pact,739
1621,packs,packs,740
1622,pax,pax,740
1623,paid,paid,741
1624,payed,payed,741
1625,pail,pail,742
1626,pale,pale,742
1627,pain,pain,743
1628,pane,pane,743
1629,pained,pained,744
1630,paned,paned,744
1631,pair,pair,745
1632,pare,pare,745
1633,pear,pear,745
1634,pere,pere,745
1635,paired,paired,746
1636,pared,pared,746
1637,pairing,pairing,747
1638,paring,paring,747
1639,palate,palate,748
1640,palette,palette,748
1641,pallet,pallet,748
1642,pall,pall,749
1643,Paul,Paul,749
1644,pawl,pawl,749
1645,pampas,pampas,750
1646,pompous,pompous,750
1647,pan,pan,751
1648,panne,panne,751
1649,pard,pard,752
1650,parred,parred,752
1651,parol,parol,753
1652,parole,parole,753
1653,passable,passable,754
1654,passible,passible,754
1655,passed,passed,755
1656,past,past,755
1657,paten,paten,756
1658,patten,patten,756
1659,patience,patience,757
1660,patients,patients,757
1661,pause,pause,758
1662,paws,paws,758
1663,pe,pe,759
1664,pea,pea,759
1665,pee,pee,759
1666,peace,peace,760
1667,piece,piece,760
1668,peak,peak,761
1669,peek,peek,761
1670,peke,peke,761
1671,pique,pique,761
1672,peaked,peaked,762
1673,peeked,peeked,762
1674,piqued,piqued,762
1675,peal,peal,763
1676,peel,peel,763
1677,pealed,pealed,764
1678,peeled,peeled,764
1679,pealing,pealing,765
1680,peeling,peeling,765
1681,peals,peals,766
1682,peels,peels,766
1683,pean,pean,767
1684,peen,peen,767
1685,pearl,pearl,768
1686,purl,purl,768
1687,peas,peas,769
1688,pease,pease,769
1689,pees,pees,769
1690,pecten,pecten,770
1691,pectin,pectin,770
1692,pedal,pedal,771
1693,peddle,peddle,771
1694,pedalled,pedalled,772
1695,peddled,peddled,772
1696,pedals,pedals,773
1697,peddles,peddles,773
1698,peer,peer,774
1699,pier,pier,774
1700,pelisse,pelisse,775
1701,police,police,775
1702,penance,penance,776
1703,pennants,pennants,776
1704,pencel,pencel,777
1705,pencil,pencil,777
1706,pensile,pensile,777
1707,pend,pend,778
1708,penned,penned,778
1709,penitence,penitence,779
1710,penitents,penitents,779
1711,penni,penni,780
1712,penny,penny,780
1713,per,per,781
1714,purr,purr,781
1715,permanence,permanence,782
1716,permanents,permanents,782
1717,perse,perse,783
1718,purse,purse,783
1719,pew,pew,784
1720,piu,piu,784
1721,phosphorescence,phosphorescence,785
1722,phosphorescents,phosphorescents,785
1723,pi,pi,786
1724,pie,pie,786
1725,pic,pic,787
1726,pick,pick,787
1727,pica,pica,788
1728,pika,pika,788
1729,picks,picks,789
1730,pix,pix,789
1731,pyx,pyx,789
1732,picnic,picnic,790
1733,pyknic,pyknic,790
1734,pidgin,pidgin,791
1735,pigeon,pigeon,791
1736,pistil,pistil,792
1737,pistol,pistol,792
1738,pixie,pixie,793
1739,pyxie,pyxie,793
1740,place,place,794
1741,plaice,plaice,794
1742,plain,plain,795
1743,plane,plane,795
1744,plainer,plainer,796
1745,planar,planar,796
1746,planer,planer,796
1747,plains,plains,797
1748,planes,planes,797
1749,plait,plait,798
1750,plate,plate,798
1751,plaiter,plaiter,799
1752,plater,plater,799
1753,plaiting,plaiting,800
1754,plating,plating,800
1755,planar,planar,801
1756,planer,planer,801
1757,plantar,plantar,802
1758,planter,planter,802
1759,pleas,pleas,803
1760,please,please,803
1761,pleural,pleural,804
1762,plural,plural,804
1763,plum,plum,805
1764,plumb,plumb,805
1765,plumbs,plumbs,806
1766,plums,plums,806
1767,pocks,pocks,807
1768,pox,pox,807
1769,pokey,pokey,808
1770,poky,poky,808
1771,polar,polar,809
1772,poler,poler,809
1773,poller,poller,809
1774,pole,pole,810
1775,poll,poll,810
1776,poled,poled,811
1777,polled,polled,811
1778,poof,poof,812
1779,pouf,pouf,812
1780,pouffe,pouffe,812
1781,pomace,pomace,813
1782,pumice,pumice,813
1783,popery,popery,814
1784,potpourri,potpourri,814
1785,populace,populace,815
1786,populous,populous,815
1787,populus,populus,815
1788,pore,pore,816
1789,pour,pour,816
1790,pored,pored,817
1791,poured,poured,817
1792,pores,pores,818
1793,pours,pours,818
1794,poring,poring,819
1795,pouring,pouring,819
1796,pottie,pottie,820
1797,potty,potty,820
1798,praise,praise,821
1799,prase,prase,821
1800,prays,prays,821
1801,preys,preys,821
1802,pray,pray,822
1803,prey,prey,822
1804,prayed,prayed,823
1805,preyed,preyed,823
1806,prayers,prayers,824
1807,preyers,preyers,824
1808,praying,praying,825
1809,preying,preying,825
1810,precedence,precedence,826
1811,precedents,precedents,826
1812,precisian,precisian,827
1813,precision,precision,827
1814,premier,premier,828
1815,premiere,premiere,828
1816,presence,presence,829
1817,presents,presents,829
1818,pressed,pressed,830
1819,prest,prest,830
1820,presser,presser,831
1821,pressor,pressor,831
1822,pride,pride,832
1823,pried,pried,832
1824,prier,prier,833
1825,prior,prior,833
1826,pries,pries,834
1827,prise,prise,834
1828,prize,prize,834
1829,prince,prince,835
1830,prints,prints,835
1831,principal,principal,836
1832,principle,principle,836
1833,profit,profit,837
1834,prophet,prophet,837
1835,prophecy,prophecy,838
1836,prophesy,prophesy,838
1837,pros,pros,839
1838,prose,prose,839
1839,psalter,psalter,840
1840,salter,salter,840
1841,psi,psi,841
1842,sigh,sigh,841
1843,xi,xi,841
1844,psychosis,psychosis,842
1845,sycosis,sycosis,842
1846,puer,puer,843
1847,pure,pure,843
1848,pupal,pupal,844
1849,pupil,pupil,844
1850,purest,purest,845
1851,purist,purist,845
1852,puttee,puttee,846
1853,putty,putty,846
1854,puttees,puttees,847
1855,putties,putties,847
1856,cue,cue,848
1857,q,q,848
1858,queue,queue,848
1859,quad,quad,849
1860,quod,quod,849
1861,quarts,quarts,850
1862,quartz,quartz,850
1863,quean,quean,851
1864,queen,queen,851
1865,quince,quince,852
1866,quints,quints,852
1867,rabbet,rabbet,853
1868,rabbit,rabbit,853
1869,rack,rack,854
1870,wrack,wrack,854
1871,racked,racked,855
1872,wracked,wracked,855
1873,racket,racket,856
1874,rackett,rackett,856
1875,racquet,racquet,856
1876,racking,racking,857
1877,wracking,wracking,857
1878,racks,racks,858
1879,rax,rax,858
1880,wracks,wracks,858
1881,raid,raid,859
1882,rayed,rayed,859
1883,rail,rail,860
1884,rale,rale,860
1885,rain,rain,861
1886,reign,reign,861
1887,rein,rein,861
1888,rained,rained,862
1889,reigned,reigned,862
1890,reined,reined,862
1891,rains,rains,863
1892,reigns,reigns,863
1893,reins,reins,863
1894,raise,raise,864
1895,rase,rase,864
1896,rays,rays,864
1897,raze,raze,864
1898,raised,raised,865
1899,razed,razed,865
1900,raiser,raiser,866
1901,razer,razer,866
1902,razor,razor,866
1903,rancor,rancor,867
1904,ranker,ranker,867
1905,rang,rang,868
1906,wrang,wrang,868
1907,rap,rap,869
1908,wrap,wrap,869
1909,rapped,rapped,870
1910,rapt,rapt,870
1911,wrapped,wrapped,870
1912,rapper,rapper,871
1913,wrapper,wrapper,871
1914,rapping,rapping,872
1915,wrapping,wrapping,872
1916,raps,raps,873
1917,wraps,wraps,873
1918,rathe,rathe,874
1919,wraith,wraith,874
1920,ray,ray,875
1921,re,re,875
1922,read,read,876
1923,rede,rede,876
1924,reed,reed,876
1925,read,read,877
1926,red,red,877
1927,redd,redd,877
1928,reading,reading,878
1929,reeding,reeding,878
1930,real,real,879
1931,reel,reel,879
1932,recede,recede,880
1933,reseed,reseed,880
1934,receipt,receipt,881
1935,reseat,reseat,881
1936,reck,reck,882
1937,wreck,wreck,882
1938,reek,reek,883
1939,wreak,wreak,883
1940,reeking,reeking,884
1941,wreaking,wreaking,884
1942,reeks,reeks,885
1943,wreaks,wreaks,885
1944,relaid,relaid,886
1945,relayed,relayed,886
1946,remittance,remittance,887
1947,remittants,remittants,887
1948,repeal,repeal,888
1949,repeel,repeel,888
1950,resewed,resewed,889
1951,resowed,resowed,889
1952,resewn,resewn,890
1953,resown,resown,890
1954,resews,resews,891
1955,resows,resows,891
1956,resinate,resinate,892
1957,resonate,resonate,892
1958,resistance,resistance,893
1959,resistants,resistants,893
1960,resister,resister,894
1961,resistor,resistor,894
1962,rest,rest,895
1963,wrest,wrest,895
1964,rests,rests,896
1965,wrests,wrests,896
1966,retard,retard,897
1967,retarred,retarred,897
1968,retch,retch,898
1969,wretch,wretch,898
1970,review,review,899
1971,revue,revue,899
1972,reviews,reviews,900
1973,revues,revues,900
1974,rex,rex,901
1975,wrecks,wrecks,901
1976,rheumy,rheumy,902
1977,roomie,roomie,902
1978,roomy,roomy,902
1979,rho,rho,903
1980,roe,roe,903
1981,row,row,903
1982,rhumb,rhumb,904
1983,rum,rum,904
1984,rhyme,rhyme,905
1985,rime,rime,905
1986,rigger,rigger,906
1987,rigor,rigor,906
1988,riggers,riggers,907
1989,rigors,rigors,907
1990,right,right,908
1991,rite,rite,908
1992,wright,wright,908
1993,write,write,908
1994,rights,rights,909
1995,rites,rites,909
1996,wrights,wrights,909
1997,writes,writes,909
1998,rind,rind,910
1999,rynd,rynd,910
2000,ring,ring,911
2001,wring,wring,911
2002,ringer,ringer,912
2003,wringer,wringer,912
2004,rings,rings,913
2005,wrings,wrings,913
2006,riot,riot,914
2007,ryot,ryot,914
2008,rise,rise,915
2009,ryes,ryes,915
2010,ryse,ryse,915
2011,road,road,916
2012,rode,rode,916
2013,rowed,rowed,916
2014,roam,roam,917
2015,Rome,Rome,917
2016,roc,roc,918
2017,rock,rock,918
2018,roe,roe,919
2019,row,row,919
2020,roes,roes,920
2021,rose,rose,920
2022,rows,rows,920
2023,role,role,921
2024,roll,roll,921
2025,roles,roles,922
2026,rolls,rolls,922
2027,roo,roo,923
2028,roux,roux,923
2029,rue,rue,923
2030,rood,rood,924
2031,rude,rude,924
2032,rued,rued,924
2033,roomer,roomer,925
2034,rumor,rumor,925
2035,roos,roos,926
2036,rues,rues,926
2037,ruse,ruse,926
2038,root,root,927
2039,route,route,927
2040,roots,roots,928
2041,routes,routes,928
2042,rosary,rosary,929
2043,rosery,rosery,929
2044,rote,rote,930
2045,wrote,wrote,930
2046,rough,rough,931
2047,ruff,ruff,931
2048,rouse,rouse,932
2049,rows,rows,932
2050,rout,rout,933
2051,route,route,933
2052,rude,rude,935
2053,rued,rued,935
2054,rues,rues,936
2055,ruse,ruse,936
2056,rough,rough,937
2057,ruff,ruff,937
2058,rung,rung,938
2059,wrung,wrung,938
2060,rye,rye,939
2061,wry,wry,939
2062,sac,sac,940
2063,sack,sack,940
2064,sacque,sacque,940
2065,saccharin,saccharin,941
2066,saccharine,saccharine,941
2067,sachet,sachet,942
2068,sashay,sashay,942
2069,sacks,sacks,943
2070,sacs,sacs,943
2071,sax,sax,943
2072,sail,sail,944
2073,sale,sale,944
2074,sails,sails,945
2075,sales,sales,945
2076,sandhi,sandhi,946
2077,sandy,sandy,946
2078,sain,sane,947
2079,sane,seine,947
2080,seine,seine,947
2081,saner,saner,948
2082,seiner,seiner,948
2083,sari,sari,949
2084,sorry,sorry,949
2085,sault,sault,950
2086,sou,sou,950
2087,sue,sue,950
2088,saver,saver,951
2089,savor,savor,951
2090,savior,savior,952
2091,saviour,saviour,952
2092,say,say,953
2093,se,se,953
2094,scalar,scalar,954
2095,scaler,scaler,954
2096,scend,scend,955
2097,send,send,955
2098,scene,scene,956
2099,seen,seen,956
2100,scull,scull,957
2101,skull,skull,957
2102,scye,scye,958
2103,sie,sie,958
2104,sigh,sigh,958
2105,sea,sea,959
2106,see,see,959
2107,seam,seam,960
2108,seem,seem,960
2109,seamed,seamed,961
2110,seemed,seemed,961
2111,seaman,seamen,962
2112,seamen,semen,962
2113,semen,semen,962
2114,seams,seams,963
2115,seems,seems,963
2116,sear,sear,964
2117,seer,seer,964
2118,sere,sere,964
2119,seas,seas,965
2120,sees,sees,965
2121,seize,seize,965
2122,sects,sects,966
2123,sex,sex,966
2124,seek,seek,967
2125,Sikh,Sikh,967
2126,senate,senate,968
2127,sennet,sennet,968
2128,sennit,sennit,968
2129,sequence,sequence,969
2130,sequents,sequents,969
2131,seraph,seraph,970
2132,serif,serif,970
2133,serf,serf,971
2134,surf,surf,971
2135,serge,serge,972
2136,surge,surge,972
2137,settler,settler,973
2138,settlor,settlor,973
2139,settlers,settlers,974
2140,settlors,settlors,974
2141,sexed,sexed,975
2142,sext,sext,975
2143,sew,sew,976
2144,so,so,976
2145,sow,sow,976
2146,sewed,sewed,977
2147,sowed,sowed,977
2148,sewer,sewer,978
2149,suer,suer,978
2150,sewer,sewer,979
2151,sower,sower,979
2152,sewn,sewn,980
2153,sone,sone,980
2154,sown,sown,980
2155,shake,shake,981
2156,sheik(h),sheik,981
2157,she,she,982
2158,shea,shea,982
2159,shear,shear,983
2160,sheer,sheer,983
2161,shears,shears,984
2162,sheers,sheers,984
2165,shifery,shifery,986
2166,shivaree,shivaree,986
2167,shivary,shivary,986
2168,shoe,shoe,987
2169,shoo,shoo,987
2170,shoes,shoes,988
2171,shoos,shoos,988
2172,shone,shone,989
2173,shown,shown,989
2174,sic,sic,990
2175,sick,sick,990
2176,sics,sics,991
2177,six,six,991
2178,side,side,992
2179,sighed,sighed,992
2180,sigher,sigher,993
2181,sire,sire,993
2182,sighs,sighs,994
2183,size,size,994
2184,sign,sign,995
2185,sine,sine,995
2186,syne,syne,995
2187,signs,signs,996
2188,sines,sines,996
2189,silence,silence,997
2190,silents,silents,997
2191,cinque,cinque,998
2192,sink,sink,998
2193,sync,sync,998
2194,sinking,sinking,999
2195,synching,synching,999
2196,sioux,sioux,1000
2197,sou,sou,1000
2198,sue,sue,1000
2199,slay,slay,1001
2200,sleigh,sleigh,1001
2201,sleave,sleave,1002
2202,sleeve,sleeve,1002
2203,sleight,sleight,1003
2204,slight,slight,1003
2205,slew,slew,1004
2206,slough,slough,1004
2207,slue,slue,1004
2208,sloe,sloe,1005
2209,slow,slow,1005
2210,slough,slough,1006
2211,sluff,sluff,1006
2212,snees,snees,1007
2213,sneeze,sneeze,1007
2214,soak,soak,1008
2215,soke,soke,1008
2216,soar,soar,1009
2217,sore,sore,1009
2218,soared,soared,1010
2219,sword,sword,1010
2220,sol,sol,1011
2221,sole,sole,1011
2222,soul,soul,1011
2223,sold,sold,1012
2224,soled,soled,1012
2225,some,some,1013
2226,sum,sum,1013
2227,son,son,1014
2228,sun,sun,1014
2229,sunn,sunn,1014
2230,sonny,sonny,1015
2231,sunny,sunny,1015
2232,sons,sons,1016
2233,suns,suns,1016
2234,soot,soot,1017
2235,suit,suit,1017
2236,sous,sous,1018
2237,sues,sues,1018
2238,spade,spade,1019
2239,spayed,spayed,1019
2240,spae,spae,1020
2241,spay,spay,1020
2242,spec,spec,1021
2243,speck,speck,1021
2244,specks,specks,1022
2245,specs,specs,1022
2246,spits,spits,1023
2247,spitz,spitz,1023
2248,spoor,spoor,1024
2249,spore,spore,1024
2250,squaller,squaller,1025
2251,squalor,squalor,1025
2252,stade,stade,1026
2253,staid,staid,1026
2254,stayed,stayed,1026
2255,staff,staff,1027
2256,staph,staph,1027
2257,stair,stair,1028
2258,stare,stare,1028
2259,stake,stake,1029
2260,steak,steak,1029
2261,stakes,stakes,1030
2262,steaks,steaks,1030
2263,stanch,stanch,1031
2264,staunch,staunch,1031
2265,stater,stater,1032
2266,stator,stator,1032
2267,statice,statice,1033
2268,status,status,1033
2269,stationary,stationary,1034
2270,stationery,stationery,1034
2271,steal,steal,1035
2272,steel,steel,1035
2273,stele,stele,1035
2274,stealing,stealing,1036
2275,steeling,steeling,1036
2276,steer,steer,1037
2277,stere,stere,1037
2278,step,step,1038
2279,steppe,steppe,1038
2280,steppes,steppes,1039
2281,steps,steps,1039
2282,sticks,sticks,1040
2283,Styx,Styx,1040
2284,stile,stile,1041
2285,style,style,1041
2286,stoop,stoop,1042
2287,stoup,stoup,1042
2288,stupe,stupe,1042
2289,stoops,stoops,1043
2290,stoup,stoup,1043
2291,stupes,stupes,1043
2292,storey,storey,1044
2293,story,story,1044
2294,straight,straight,1045
2295,strait,strait,1045
2296,straighten,straighten,1046
2297,straiten,straiten,1046
2298,sty,sty,1047
2299,stye,stye,1047
2300,subtler,subtler,1048
2301,sutler,sutler,1048
2302,succor,succor,1049
2303,sucker,sucker,1049
2304,succulence,succulence,1050
2305,succulents,succulents,1050
2306,suede,suede,1051
2307,swayed,swayed,1051
2308,suite,suite,1052
2309,sweet,sweet,1052
2310,suites,suites,1053
2311,sweets,sweets,1053
2312,summary,summary,1054
2313,summery,summery,1054
2314,sundae,sundae,1055
2315,Sunday,Sunday,1055
2316,swat,swat,1056
2317,swot,swot,1056
2318,t,t,1057
2319,tea,tea,1057
2320,tee,tee,1057
2321,ti,ti,1057
2322,tach,tach,1058
2323,tack,tack,1058
2324,tacked,tacked,1059
2325,tact,tact,1059
2326,tacks,tacks,1060
2327,tax,tax,1060
2328,tael,tael,1061
2329,tail,tail,1061
2330,tale,tale,1061
2331,tahr,tahr,1062
2332,tar,tar,1062
2333,tailer,tailer,1063
2334,tailor,tailor,1063
2335,tails,tails,1064
2336,tales,tales,1064
2337,taper,taper,1065
2338,tapir,tapir,1065
2339,tare,tare,1066
2340,tear,tear,1066
2341,taupe,taupe,1067
2342,tope,tope,1067
2343,taught,taught,1068
2344,taut,taut,1068
2345,teal,teal,1069
2346,teil,teil,1069
2347,team,team,1070
2348,teem,teem,1070
2349,teaming,teaming,1071
2350,teeming,teeming,1071
2351,teams,teams,1072
2352,teems,teems,1072
2353,tear,tear,1073
2354,tier,tier,1073
2355,teas,teas,1074
2356,tease,tease,1074
2357,tees,tees,1074
2358,tis,tis,1074
2359,teat,teat,1075
2360,teet,teet,1075
2361,tel,tel,1076
2362,tell,tell,1076
2363,tenner,tenner,1077
2364,tenor,tenor,1077
2365,tense,tense,1078
2366,tents,tents,1078
2367,tenser,tenser,1079
2368,tensor,tensor,1079
2369,terce,terce,1080
2370,terse,terse,1080
2371,tern,tern,1081
2372,terne,terne,1081
2373,turn,turn,1081
2374,Thai,Thai,1082
2375,tie,tie,1082
2376,tye,tye,1082
2377,the,the,1083
2378,thee,thee,1083
2379,their,their,1084
2380,there,there,1084
2381,they're,they're,1084
2382,theirs,theirs,1085
2383,there's,there's,1085
2384,therefor,therefor,1086
2385,therefore,therefore,1086
2386,threw,threw,1087
2387,through,through,1087
2388,thru,thru,1087
2389,throe,throe,1088
2390,throw,throw,1088
2391,throes,throes,1089
2392,throws,throws,1089
2393,throne,throne,1090
2394,thrown,thrown,1090
2395,thyme,thyme,1091
2396,time,time,1091
2397,tic,tic,1092
2398,tick,tick,1092
2399,ticks,ticks,1093
2400,tics,tics,1093
2401,tix,tix,1093
2402,tide,tide,1094
2403,tied,tied,1094
2404,tighten,tighten,1095
2405,titan,titan,1095
2406,tighter,tighter,1096
2407,titer,titer,1096
2408,til,til,1097
2409,till,till,1097
2410,timber,timber,1098
2411,timbre,timbre,1098
2412,tire,tire,1099
2413,tyer,tyer,1099
2414,tyre,tyre,1099
2415,to,to,1100
2416,too,too,1100
2417,two,two,1100
2418,toad,toad,1101
2419,toed,toed,1101
2420,towed,towed,1101
2421,toady,toady,1102
2422,tody,tody,1102
2423,tocsin,tocsin,1103
2424,toxin,toxin,1103
2425,toe,toe,1104
2426,tow,tow,1104
2427,toer,toer,1105
2428,tower,tower,1105
2429,toes,toes,1106
2430,tows,tows,1106
2431,told,told,1107
2432,tolled,tolled,1107
2433,tole,tole,1108
2434,toll,toll,1108
2435,ton,ton,1109
2436,tonne,tonne,1109
2437,tun,tun,1109
2438,tongue,tongue,1110
2439,tung,tung,1110
2440,tool,tool,1111
2441,tule,tule,1111
2442,tulle,tulle,1111
2443,toon,toon,1112
2444,tune,tune,1112
2445,tooter,tooter,1113
2446,tutor,tutor,1113
2447,tooters,tooters,1114
2448,tutors,tutors,1114
2449,tor,tor,1115
2450,tore,tore,1115
2451,tora,tora,1116
2452,torah,torah,1116
2453,torcher,torcher,1117
2454,torture,torture,1117
2455,tort,tort,1118
2456,torte,torte,1118
2457,tough,tough,1119
2458,tuff,tuff,1119
2459,tracked,tracked,1120
2460,tract,tract,1120
2461,trade,trade,1121
2462,trayed,trayed,1121
2463,traitoress,traitoress,1122
2464,traitorous,traitorous,1122
2465,tray,tray,1123
2466,tres(FR),tres,1123
2467,trey,trey,1123
2468,trays,trays,1124
2469,treys,treys,1124
2470,tri,tri,1125
2471,try,try,1125
2472,troche,troche,1126
2473,trochee,trochee,1126
2474,troop,troop,1127
2475,troupe,troupe,1127
2476,trooper,trooper,1128
2477,trouper,trouper,1128
2478,trussed,trussed,1129
2479,trust,trust,1129
2480,tucks,tucks,1130
2481,tux,tux,1130
2482,turban,turban,1131
2483,turbine,turbine,1131
2484,twill,twill,1132
2485,twill,twill,1132
2486,uncal,uncal,1133
2487,uncle,uncle,1133
2488,undo,undo,1134
2489,undue,undue,1134
2490,unreal,unreal,1135
2491,unreel,unreel,1135
2492,vail,vail,1136
2493,vale,vale,1136
2494,veil,veil,1136
2495,vain,vain,1137
2496,vane,vane,1137
2497,vein,vein,1137
2498,valance,valance,1138
2499,valence,valence,1138
2500,variance,variance,1139
2501,variants,variants,1139
2502,venous,venous,1140
2503,Venus,Venus,1140
2504,versed,versed,1141
2505,verst,verst,1141
2506,vial,vial,1142
2507,vile,vile,1142
2508,viol,viol,1142
2509,vice,vice,1143
2510,vise,vise,1143
2511,villous,villous,1144
2512,villus,villus,1144
2513,viscous,viscous,1145
2514,viscus,viscus,1145
2515,wack(s),wack,1146
2516,Wacs,Wacs,1146
2517,wax,wax,1146
2518,whack(s),whack,1146
2519,wade,wade,1147
2520,weighed,weighed,1147
2521,wail,wail,1148
2522,wale,wale,1148
2523,whale,whale,1148
2524,wailer,wailer,1149
2525,waler,waler,1149
2526,whaler,whaler,1149
2527,wain,wain,1150
2528,wane,wane,1150
2529,waist,waist,1151
2530,waste,waste,1151
2531,waisted,waisted,1152
2532,wasted,wasted,1152
2533,waists,waists,1153
2534,wastes,wastes,1153
2535,wait,wait,1154
2536,weight,weight,1154
2537,waited,waited,1155
2538,weighted,weighted,1155
2539,waits,waits,1156
2540,weights,weights,1156
2541,waive,waive,1157
2542,wave,wave,1157
2543,waived,waived,1158
2544,waved,waved,1158
2545,waiver,waiver,1159
2546,waver,waver,1159
2547,waives,waives,1160
2548,waves,waves,1160
2549,waiving,waiving,1161
2550,waving,waving,1161
2551,war,war,1162
2552,wore,wore,1162
2553,ward,ward,1163
2554,warred,warred,1163
2555,ware,ware,1164
2556,wear,wear,1164
2557,weir,weir,1164
2558,where,where,1164
2559,wares,wares,1165
2560,wears,wears,1165
2561,where's,where's,1165
2562,warn,warn,1166
2563,worn,worn,1166
2564,wart,wart,1167
2565,wort,wort,1167
2566,warrantee,warrantee,1168
2567,warrranty,warrranty,1168
2568,watt,watt,1169
2569,what,what,1169
2570,wax,wax,1170
2571,whacks,whacks,1170
2572,way,way,1171
2573,weigh,weigh,1171
2574,whey,whey,1171
2575,ways,ways,1172
2576,weighs,weighs,1172
2577,we,we,1173
2578,wee,wee,1173
2579,whee,whee,1173
2580,weak,weak,1174
2581,week,week,1174
2582,weakly,weakly,1175
2583,weekly,weekly,1175
2584,we'll,we'll,1176
2585,weal,weal,1176
2586,wheal,wheal,1176
2587,wheel,wheel,1176
2588,weald,weald,1177
2589,wheeled,wheeled,1177
2590,wield,wield,1177
2591,wean,wean,1178
2592,ween,ween,1178
2593,weaner,weaner,1179
2594,weiner,weiner,1179
2595,weather,weather,1180
2596,wether,wether,1180
2597,whether,whether,1180
2598,we've,we've,1181
2599,weave,weave,1181
2600,we'd,we'd,1182
2601,weed,weed,1182
2602,we're,we're,1183
2603,weir,weir,1183
2604,weld,weld,1184
2605,welled,welled,1184
2606,wen,wen,1185
2607,when,when,1185
2608,were,were,1186
2609,whir,whir,1186
2610,wet,wet,1187
2611,whet,whet,1187
2612,which,which,1188
2613,wich,wich,1188
2614,witch,witch,1188
2615,whicker,whicker,1189
2616,wicker,wicker,1189
2617,Whig,Whig,1190
2618,wig,wig,1190
2619,while,while,1191
2620,wile,wile,1191
2621,whiled,whiled,1192
2622,wild,wild,1192
2623,whin,whin,1193
2624,win,win,1193
2625,wynn,wynn,1193
2626,whine,whine,1194
2627,wine,wine,1194
2628,whined,whined,1195
2629,wind,wind,1195
2630,wined,wined,1195
2631,wynd,wynd,1195
2632,whinny,whinny,1196
2633,Winnie,Winnie,1196
2634,whirl,whirl,1197
2635,whorl,whorl,1197
2636,whirred,whirred,1198
2637,word,word,1198
2638,whish,whish,1199
2639,wish,wish,1199
2640,whit,whit,1200
2641,wit,wit,1200
2642,whither,whither,1201
2643,wither,wither,1201
2644,Whittier,Whittier,1202
2645,wittier,wittier,1202
2646,whoa,whoa,1203
2647,woe,woe,1203
2648,whop,whop,1204
2649,wop,wop,1204
2650,who's,who's,1205
2651,whose,whose,1205
2652,why,why,1206
2653,wye,wye,1206
2654,y,y,1206
2655,whys,whys,1207
2656,wise,wise,1207
2657,wyes,wyes,1207
2658,wins,wins,1208
2659,winze,winze,1208
2662,wood,wood,1210
2663,would,would,1210
2664,worst,worst,1211
2665,wurst,wurst,1211
2666,xero-,xero-,1212
2667,zero,zero,1212
2668,yack,yack,1213
2669,yak,yak,1213
2670,y'all,y'all,1214
2671,yawl,yawl,1214
2672,yoke,yoke,1215
2673,yolk,yolk,1215
2674,yokes,yokes,1216
2675,yolks,yolks,1216
2676,yore,yore,1217
2677,you're,you're,1217
2678,your,your,1217
2679,you'll,you'll,1218
2680,yule,yule,1218
2681,z,z,1219
2682,zee,zee,1219
2683,#NAME?,#NAME?,1220
2684,zero,zero,1220
2685,invade,invade,1221
2686,inveighed,inveighed,1221
2687,babble,babble,1222
2688,babel,babel,1222
2689,radical,radical,1223
2690,radicle,radicle,1223
2691,salver,salver,1224
2692,salvor,salvor,1224
2693,cot,cot,1225
2694,khat,khat,1225
2695,citable,citable,1229
2696,sightable,sightable,1229
2697,sitable,sitable,1229
2698,emerged,emerged,1232
2699,immerged,immerged,1232
2700,emerging,emerging,1233
2701,immerging,immerging,1233
2702,emergence,emergence,1234
2703,immergence,immergence,1234
2704,emergences,emergences,1235
2705,immergences,immergences,1235
2706,emerges,emerges,1236
2707,immerges,immerges,1236
2708,farming,farming,1237
2709,pharming,pharming,1237
2710,deprevation,deprevation,1238
2711,deprivation,deprivation,1238
2712,autarchy,autarchy,1239
2713,autarky,autarky,1239
2714,raki,raki,1240
2715,rocky,rocky,1240
2716,rondeau,rondeau,1241
2717,rondo,rondo,1241
2718,tartar,tartar,1242
2719,tarter,tarter,1242
2720,phosphorous,phosphorous,1243
2721,phosphorus,phosphorus,1243
2722,politic,politic,1244
2723,politick,politick,1244
2724,Taurus,Taurus,1245
2725,torus,torus,1245
2726,freak,freak,1246
2727,phreak,phreak,1246
2728,meeting,meeting,1247
2729,meting,meting,1247
2730,remark,remark,1248
2731,remarque,remarque,1248
2732,reave,reave,1249
2733,reeve,reeve,1249
2734,rieve,rieve,1249
2735,preadolescence,preadolescence,1250
2736,preadolescents,preadolescents,1250
2737,strider,strider,1251
2738,stridor,stridor,1251
2739,sibilance,sibilance,1252
2740,sibilants,sibilants,1252
2741,typhous,typhous,1253
2742,typhus,typhus,1253
2743,gradience,gradience,1254
2744,gradients,gradients,1254
2745,inductance,inductance,1255
2746,inductants,inductants,1255
2747,incandescence,incandescence,1256
2748,incandescents,incandescents,1256
2749,center,center,1257
2750,scenter,scenter,1257
2751,teamed,teamed,1258
2752,teemed,teemed,1258
2753,slayed,slayed,1259
2754,sleighed,sleighed,1259
2755,slaying,slaying,1260
2756,sleighing,sleighing,1260
2757,bach,bach,1261
2758,batch,batch,1261
2759,bached,bached,1262
2760,batched,batched,1262
2761,baching,baching,1263
2762,batching,batching,1263
2763,rooted,rooted,1264
2764,routed,routed,1264
2765,rooting,rooting,1265
2766,routing,routing,1265
2767,insurgence,insurgence,1266
2768,insurgents,insurgents,1266
2769,tambour,tambour,1267
2770,timbre,timbre,1267
2771,ternary,ternary,1268
2772,turnery,turnery,1268
2773,recite,recite,1269
2774,resight,resight,1269
2775,resite,resite,1269
2776,recited,recited,1270
2777,resighted,resighted,1270
2778,resited,resited,1270
2779,reciting,reciting,1272
2780,resighting,resighting,1272
2781,resiting,resiting,1272
2782,receded,receded,1273
2783,reseeded,reseeded,1273
2784,receding,receding,1274
2785,reseeding,reseeding,1274
2786,kneading,kneading,1275
2787,needing,needing,1275
2788,kneads,kneads,1276
2789,needs,needs,1276
2790,clamber,clamber,1277
2791,clammer,clammer,1277
2792,clamor,clamor,1277
2793,canvases,canvases,1278
2794,canvasses,canvasses,1278
2795,complemented,complemented,1279
2796,complimented,complimented,1279
2797,complementing,complementing,1280
2798,complimenting,complimenting,1280
2799,fleche,fleche,1281
2800,flesh,flesh,1281
2801,baht,baht,1282
2802,bot,bot,1282
2803,emerge,emerge,1284
2804,immerge,immerge,1284
2805,trustee,trustee,1285
2806,trusty,trusty,1285
2807,starlet,starlet,1286
2808,starlit,starlit,1286
2809,feal,feal,1287
2810,feel,feel,1287
2811,facts,facts,1288
2812,Fax,Fax,1288
2813,know-how,know-how,1289
2814,no-how,no-how,1289
2815,brunet,brunet,1290
2816,brunette,brunette,1290
2817,whoo,whoo,1291
2818,woo,woo,1291
2819,lo-cal,lo-cal,1292
2820,locale,locale,1292
2821,magnate,magnate,1295
2822,magnet,magnet,1295
2823,mol,mol,1297
2824,mole,mole,1297
2825,whining,whining,1298
2826,wining,wining,1298
2827,whinings,whinings,1299
2828,winings,winings,1299
2829,yores,yores,1300
2830,yours,yours,1300
2831,whines,whines,1301
2832,wines,wines,1301
2833,pois,pois,1303
2834,poise,poise,1303
2835,protean,protean,1304
2836,protein,protein,1304
2837,pubescence,pubescence,1305
2838,pubescents,pubescents,1305
2839,bonds,bonds,1306
2840,bonze,bonze,1306
2841,frits,frits,1307
2842,fritz,fritz,1307
2843,moo,moo,1308
2844,moue,moue,1308
2845,muscat,muscat,1309
2846,musket,musket,1309
2847,gunnel,gunnel,1310
2848,gunwhale,gunwhale,1310
2849,junkie,junkie,1311
2850,junky,junky,1311
2851,repost,repost,1313
2852,riposte,riposte,1313
2853,cubit,cubit,1314
2854,qubit,qubit,1314
2855,kayak,kayak,1315
2856,kyack,kyack,1315
2857,toughed,toughed,1316
2858,tuft,tuft,1316
2859,overate,overate,1318
2860,overrate,overrate,1318
2861,rebilled,rebilled,1319
2862,rebuild,rebuild,1319
2863,auld,auld,1320
2864,awled,awled,1320
2865,dhole,dhole,1321
2866,dole,dole,1321
2867,shoed,shoed,1322
2868,shooed,shooed,1322
2869,fessed,fessed,1323
2870,fest,fest,1323
2871,feal,feal,1324
2872,feel,feel,1324
2873,psammite,psammite,1325
2874,samite,samite,1325
2875,aerial,aerial,1326
2876,ariel,ariel,1326
